{
"type": "FeatureCollection",
"name": "zona_estudio",
"crs": { "type": "name", "properties": { "name": "urn:ogc:def:crs:OGC:1.3:CRS84" } },
"features": [
{ "type": "Feature", "properties": { }, "geometry": { "type": "MultiPolygon", "coordinates": [ [ [ [ -77.624546914475687, 0.813679335565901 ], [ -77.623220655741392, 0.814849176354429 ], [ -77.62262471181478, 0.816808466552384 ], [ -77.626587042374865, 0.823763545546213 ], [ -77.627130665668943, 0.828511358249392 ], [ -77.626370195857618, 0.832753225953758 ], [ -77.62442907195458, 0.835683311334023 ], [ -77.621521792899941, 0.837642604850431 ], [ -77.618090955842959, 0.838332817753981 ], [ -77.614658869285748, 0.837648854284249 ], [ -77.611748047843705, 0.83569483065637 ], [ -77.610044298775492, 0.833306025950676 ], [ -77.609124482032058, 0.829046882632759 ], [ -77.605040500829404, 0.822730788731353 ], [ -77.604305619214614, 0.816732611063514 ], [ -77.604698522906133, 0.814082014765706 ], [ -77.607706312729974, 0.80497488052284 ], [ -77.60955762540425, 0.802700060296545 ], [ -77.615302847199757, 0.798058256721971 ], [ -77.621358370230482, 0.795640477532209 ], [ -77.633715113399262, 0.792514821171202 ], [ -77.645881087502161, 0.794693097325011 ], [ -77.6620249587438, 0.795371023579949 ], [ -77.664216539332941, 0.794429839415244 ], [ -77.666692894456787, 0.792456516859644 ], [ -77.670771786814072, 0.790183520807651 ], [ -77.67415023570328, 0.789269097606803 ], [ -77.677057514122097, 0.789554782118562 ], [ -77.679719275224073, 0.790766018918073 ], [ -77.681853005992693, 0.792774244305643 ], [ -77.683232242190556, 0.795366303979396 ], [ -77.683690886736187, 0.797676796267035 ], [ -77.683407126163928, 0.800603364983838 ], [ -77.682513312564453, 0.802780977040415 ], [ -77.681090066877815, 0.804651521677431 ], [ -77.673408621842071, 0.810035942532904 ], [ -77.666419265245111, 0.813082044407902 ], [ -77.663537557574386, 0.813563626645564 ], [ -77.644221224855642, 0.812690488864375 ], [ -77.63463283572797, 0.810800012356181 ], [ -77.624546914475687, 0.813679335565901 ] ] ], [ [ [ -76.485722112733839, 2.492637105694682 ], [ -76.529864621204752, 2.491389849932617 ], [ -76.540205046181825, 2.488519901862947 ], [ -76.56166504710643, 2.486126950690207 ], [ -76.585741450293767, 2.4919396476436 ], [ -76.586615091441544, 2.495800794342296 ], [ -76.586361074354272, 2.49646472607678 ], [ -76.584388313734152, 2.496813175304717 ], [ -76.583206806978424, 2.498110834668239 ], [ -76.582865994822725, 2.499117154515154 ], [ -76.583473309301368, 2.500919647124781 ], [ -76.582354344201889, 2.502173331925908 ], [ -76.582456971711125, 2.502965308404943 ], [ -76.581765597868795, 2.503263113527583 ], [ -76.583054801634589, 2.505629339718187 ], [ -76.585810369644889, 2.506429718329463 ], [ -76.586796750166485, 2.506300442560478 ], [ -76.587167999795028, 2.506761146874837 ], [ -76.588946709762666, 2.506669477020058 ], [ -76.591384681595301, 2.507652816804401 ], [ -76.59234525021391, 2.507315852054578 ], [ -76.59326385898882, 2.507868807906386 ], [ -76.594590540999334, 2.507239679849776 ], [ -76.594708217848989, 2.508859711938769 ], [ -76.595303098249047, 2.509265006572566 ], [ -76.598770187741863, 2.509092367008035 ], [ -76.600006095365131, 2.509543140860053 ], [ -76.602201922664534, 2.508457897570182 ], [ -76.601965721118148, 2.506554979673756 ], [ -76.603028354265831, 2.505826350929522 ], [ -76.604577855633963, 2.505605504335804 ], [ -76.609563770259285, 2.524672684386593 ], [ -76.61265401921797, 2.582376510085188 ], [ -76.610488828933001, 2.631223255208039 ], [ -76.610328092038159, 2.646336604075158 ], [ -76.611088933932734, 2.668821109379405 ], [ -76.607367723557815, 2.706917518817038 ], [ -76.602797002808103, 2.741998889608962 ], [ -76.598143028470517, 2.784282840388582 ], [ -76.597770797112801, 2.835895599238873 ], [ -76.597387917536892, 2.848334370682462 ], [ -76.596500271223405, 2.857181070104702 ], [ -76.596572477724663, 2.870135214203144 ], [ -76.594122558047545, 2.867659908933234 ], [ -76.593677131687926, 2.867621641122152 ], [ -76.596591563748376, 2.870276105132995 ], [ -76.597787506998415, 2.879073013354123 ], [ -76.598796050713887, 2.908279881021622 ], [ -76.598957193017696, 2.907729652481871 ], [ -76.602275813777752, 2.956082931205615 ], [ -76.605186154251399, 2.985250890690327 ], [ -76.605771275796542, 3.007598525708028 ], [ -76.602461786691578, 3.067289037780607 ], [ -76.601949502685684, 3.067864632269647 ], [ -76.601921865662263, 3.069188873495523 ], [ -76.602352046248356, 3.069818189876058 ], [ -76.601771992975998, 3.079856884127667 ], [ -76.598743680932046, 3.091663630304248 ], [ -76.59845775082637, 3.091633144891011 ], [ -76.594943745462984, 3.09228613011253 ], [ -76.598729203455363, 3.091718784320017 ], [ -76.596917228560642, 3.098621894699582 ], [ -76.606282532814433, 3.117204422551954 ], [ -76.606726901893154, 3.138713741616817 ], [ -76.59021366971362, 3.187064213823789 ], [ -76.582814537956679, 3.219886518539137 ], [ -76.562283095072132, 3.258366812443234 ], [ -76.549761942048846, 3.276358587649077 ], [ -76.531230261968176, 3.301295981360796 ], [ -76.517339935213982, 3.331362861680939 ], [ -76.493790763468027, 3.370410849786296 ], [ -76.490051862154559, 3.398648931755305 ], [ -76.476033381676189, 3.424164670109246 ], [ -76.477688313815534, 3.42745772024743 ], [ -76.477926538433735, 3.430975024319869 ], [ -76.476546271390092, 3.436931905279996 ], [ -76.473549000009598, 3.443546009680404 ], [ -76.478696269469467, 3.463553037619294 ], [ -76.478592690797626, 3.499637159854511 ], [ -76.488899464412057, 3.523407167601379 ], [ -76.497371643832238, 3.547219887236591 ], [ -76.506393253813314, 3.551040617573849 ], [ -76.509552654964693, 3.55405813449022 ], [ -76.518256609934866, 3.58008143878764 ], [ -76.517980674305079, 3.58395769970435 ], [ -76.512197568408141, 3.600773275777588 ], [ -76.510809467390288, 3.603230277299045 ], [ -76.508625355049077, 3.605314962080006 ], [ -76.509615390615622, 3.607838338217979 ], [ -76.509811228843077, 3.610595540434845 ], [ -76.506960576397205, 3.63127740079199 ], [ -76.505752452144634, 3.63502402185614 ], [ -76.505900598954824, 3.644452213069094 ], [ -76.505551715792535, 3.646785284209386 ], [ -76.501472917066934, 3.658738737239987 ], [ -76.487987909288321, 3.688699049398496 ], [ -76.482868691411312, 3.701220698416012 ], [ -76.478228873658495, 3.717008629448278 ], [ -76.477067189601527, 3.734723857938752 ], [ -76.475477140581546, 3.737846914749236 ], [ -76.468903248568665, 3.745095793490694 ], [ -76.445557920255553, 3.828243094394033 ], [ -76.444203999658782, 3.830533365976537 ], [ -76.438229202312996, 3.837161740691381 ], [ -76.429142687532647, 3.842570093761542 ], [ -76.415925572327254, 3.862618784673494 ], [ -76.408218262135691, 3.888884707081839 ], [ -76.4022957341747, 3.90263530579975 ], [ -76.397999376212837, 3.920123145588204 ], [ -76.397135670844378, 3.959775010901901 ], [ -76.396182618653654, 3.963151816538409 ], [ -76.395288903471993, 3.970662200705968 ], [ -76.382142665206231, 4.028207253862729 ], [ -76.365252894731938, 4.071127703449926 ], [ -76.352331349538503, 4.121175004573369 ], [ -76.348329476422336, 4.134219078886558 ], [ -76.344661241509002, 4.145255768293728 ], [ -76.324611725977377, 4.199301363461911 ], [ -76.32327676810381, 4.201570953258055 ], [ -76.305758543590969, 4.22323585217455 ], [ -76.28587277864699, 4.250684489220951 ], [ -76.247885089397528, 4.294186295776822 ], [ -76.220313656557067, 4.33394161124429 ], [ -76.201296156147379, 4.386062062673535 ], [ -76.197943270414115, 4.4086319582833 ], [ -76.190518306506959, 4.431215339300759 ], [ -76.16819841619045, 4.461208385092483 ], [ -76.155893430259368, 4.484036113674486 ], [ -76.142295569652248, 4.518365739848111 ], [ -76.123577223040499, 4.571112119110857 ], [ -76.116957746648211, 4.60474439972399 ], [ -76.09722925861378, 4.64463685209889 ], [ -76.082869464745812, 4.674934830758551 ], [ -76.058673651384865, 4.715883472470499 ], [ -76.044478779236286, 4.743141408668305 ], [ -75.991776622753846, 4.834469308128658 ], [ -75.978021507358335, 4.84360128053669 ], [ -75.961828110731034, 4.848557118456601 ], [ -75.958319024764222, 4.848801729928825 ], [ -75.946535185266342, 4.846562681497701 ], [ -75.933580821319964, 4.853222927248691 ], [ -75.896056068226855, 4.86018319719712 ], [ -75.860977122794893, 4.869045615894984 ], [ -75.850780937759922, 4.891897140406231 ], [ -75.836426626888382, 4.926577124006094 ], [ -75.82880943762521, 4.938025380613749 ], [ -75.826468860805662, 4.940646563196434 ], [ -75.821453368553975, 4.953670290292157 ], [ -75.817475924068688, 4.953693726973534 ], [ -75.814894031390807, 4.954498017568186 ], [ -75.813353989978637, 4.954069809292108 ], [ -75.812119618981896, 4.953295039679438 ], [ -75.810288999025417, 4.950812643382439 ], [ -75.808526727236298, 4.949763616146853 ], [ -75.807230676362281, 4.94969762636505 ], [ -75.805668193852028, 4.951793661668051 ], [ -75.80452321674079, 4.952816277559698 ], [ -75.803681120542905, 4.952877935136559 ], [ -75.8035785557324, 4.953962803637132 ], [ -75.801684004943809, 4.955472524562341 ], [ -75.810213560087973, 4.932779438479445 ], [ -75.812036558107167, 4.929632900687698 ], [ -75.814461544170413, 4.927013594688445 ], [ -75.82027705195172, 4.918407806370786 ], [ -75.826102297962223, 4.90413299828754 ], [ -75.803983103508017, 4.935220195694574 ], [ -75.794347641747805, 4.950648803553833 ], [ -75.747557740468125, 5.032010318580607 ], [ -75.748247806068349, 5.03425747704626 ], [ -75.746236152381812, 5.033928409594256 ], [ -75.743772258122974, 5.032683667862173 ], [ -75.74445985546437, 5.029393068246724 ], [ -75.745062993126297, 5.028762845853977 ], [ -75.744212039551684, 5.024594499541744 ], [ -75.744148948206458, 5.020974777316108 ], [ -75.741243447469515, 5.022853495204854 ], [ -75.739737381951471, 5.022768240825667 ], [ -75.738163602991818, 5.021759088400848 ], [ -75.736924537349978, 5.021866229746839 ], [ -75.736365511702672, 5.020433753263851 ], [ -75.735633068430715, 5.020389381253015 ], [ -75.734301112254087, 5.021526078450344 ], [ -75.734448233575435, 5.02089743674128 ], [ -75.732448576179664, 5.018146884657344 ], [ -75.731347868146784, 5.018875898962196 ], [ -75.730619463062638, 5.018425413237856 ], [ -75.729575982082579, 5.019366442524004 ], [ -75.729913797347663, 5.019550316141626 ], [ -75.72684717964988, 5.019977750717636 ], [ -75.726763940428611, 5.018548465732107 ], [ -75.714928090079297, 4.991389863127832 ], [ -75.694852199761755, 4.95435977228273 ], [ -75.682839256832679, 4.933417210340393 ], [ -75.657710284154405, 4.904165942290883 ], [ -75.651427704367364, 4.903750073351183 ], [ -75.648175718819573, 4.902407963607483 ], [ -75.646403206991309, 4.900856185313488 ], [ -75.642930414340086, 4.896195634281388 ], [ -75.639896411502193, 4.891039833884234 ], [ -75.634450413026954, 4.885353159798807 ], [ -75.632568233271499, 4.884047404957399 ], [ -75.628311454943884, 4.883409941406962 ], [ -75.625383146108703, 4.881457130722995 ], [ -75.623808513965869, 4.879330482237005 ], [ -75.622906076654104, 4.87683432574125 ], [ -75.622722855391757, 4.874162824331378 ], [ -75.623383020666679, 4.871293163900814 ], [ -75.624927757546246, 4.868788647016613 ], [ -75.626693009664791, 4.867228626960281 ], [ -75.632358967376916, 4.865117632297805 ], [ -75.635280215646702, 4.864822213911103 ], [ -75.638234026036528, 4.865422503999764 ], [ -75.643730991170372, 4.865041285136821 ], [ -75.646628920661001, 4.86551427296859 ], [ -75.64874133263946, 4.866553071622046 ], [ -75.655533265017439, 4.871775620659002 ], [ -75.662246513443534, 4.881337168645787 ], [ -75.667113853147626, 4.887223529658118 ], [ -75.679608351887779, 4.892189832258201 ], [ -75.692542286292593, 4.89334296643931 ], [ -75.702273879497426, 4.895106790561269 ], [ -75.718232846076049, 4.890711978027446 ], [ -75.731350956234124, 4.882100409746895 ], [ -75.74740065493323, 4.869566727426703 ], [ -75.779025351361383, 4.854057361446412 ], [ -75.793350080760476, 4.85016852389978 ], [ -75.814923553827342, 4.846029202489119 ], [ -75.841203018698138, 4.846429366758912 ], [ -75.846200634068481, 4.84316354294674 ], [ -75.848491138743157, 4.840000889366507 ], [ -75.876875185536477, 4.774793281721509 ], [ -75.879813435249574, 4.762128309094524 ], [ -75.881519540218974, 4.75067186743208 ], [ -75.886796779170027, 4.732059968600799 ], [ -75.895433714566522, 4.713077687505306 ], [ -75.908088487861221, 4.635659334730927 ], [ -75.911767154882455, 4.630807045618544 ], [ -75.939125534198226, 4.601408295123356 ], [ -75.962647839598603, 4.564258310053125 ], [ -75.994160976456882, 4.501247285082611 ], [ -76.023136191928856, 4.421992058918666 ], [ -76.029659265840337, 4.403065696666554 ], [ -76.030184999167219, 4.399527327926387 ], [ -76.033511014787678, 4.391951908204352 ], [ -76.052767830480192, 4.33317754680999 ], [ -76.067799772684012, 4.291654885686542 ], [ -76.088262569401337, 4.263475337150156 ], [ -76.099523180286894, 4.245767561683088 ], [ -76.112418786333876, 4.23050975773748 ], [ -76.133498999399279, 4.201574173166875 ], [ -76.140328033228286, 4.169027353395945 ], [ -76.149274992269184, 4.140944947389925 ], [ -76.159294010288349, 4.096839962144792 ], [ -76.164657379183836, 4.076305419620923 ], [ -76.168132094703822, 4.067499083577041 ], [ -76.200587803470754, 4.010745274699112 ], [ -76.219004287526886, 3.977169253610643 ], [ -76.22726911923138, 3.966984222585237 ], [ -76.247297635549671, 3.947451652257748 ], [ -76.250578901357628, 3.945579167505593 ], [ -76.2606104159089, 3.943199550017558 ], [ -76.326748060639957, 3.942886032240207 ], [ -76.347225811632299, 3.917343953888233 ], [ -76.373055324189608, 3.887188151350053 ], [ -76.383974537211046, 3.857688607504126 ], [ -76.388849295682306, 3.797148780202953 ], [ -76.390151711636506, 3.794453550028105 ], [ -76.401851526921533, 3.778858221945433 ], [ -76.411491690601551, 3.759275715154985 ], [ -76.409905648884916, 3.747469104081673 ], [ -76.411737208547763, 3.728441056333998 ], [ -76.412365214114701, 3.726028145316935 ], [ -76.417802998653926, 3.715076085944549 ], [ -76.434217213674799, 3.684977112183178 ], [ -76.4423064138347, 3.675045981887016 ], [ -76.456416746913732, 3.643008900328064 ], [ -76.468906987984496, 3.622950937879775 ], [ -76.477211821091331, 3.612841032107392 ], [ -76.477565218013751, 3.604603606887507 ], [ -76.478684346010851, 3.601262297295749 ], [ -76.48183043168045, 3.597443069357376 ], [ -76.488764959231304, 3.593522385508023 ], [ -76.495633397413968, 3.585833619177428 ], [ -76.496158340517994, 3.574855028793248 ], [ -76.493900083685304, 3.565854888528419 ], [ -76.493109911209942, 3.564918825662913 ], [ -76.48533832305435, 3.56174975063969 ], [ -76.483569342700008, 3.56019918809133 ], [ -76.482260057329128, 3.558241424340799 ], [ -76.47223357697419, 3.530210900685245 ], [ -76.460914703552177, 3.503865507811427 ], [ -76.46060238990205, 3.501527744084943 ], [ -76.460729476892411, 3.46533498716922 ], [ -76.455347887588658, 3.443935456491563 ], [ -76.455924597377503, 3.438910727509592 ], [ -76.459257730282289, 3.431566940638866 ], [ -76.457400143690407, 3.427282323427856 ], [ -76.456980717554188, 3.423741485197699 ], [ -76.457281315149046, 3.421402156632822 ], [ -76.472683574345012, 3.393406198621303 ], [ -76.476608357256623, 3.364449140828302 ], [ -76.490575409859673, 3.340893946382243 ], [ -76.486605529373634, 3.339169294198485 ], [ -76.468968464180122, 3.323718374247692 ], [ -76.467415758118761, 3.321222361922406 ], [ -76.464699750413629, 3.313128158630889 ], [ -76.413033042250831, 3.283906051674748 ], [ -76.411264905138523, 3.282354909822181 ], [ -76.403732022268898, 3.272825917294691 ], [ -76.402517042618669, 3.270147319878462 ], [ -76.399805721641613, 3.259601416209014 ], [ -76.389296889736968, 3.230316809889181 ], [ -76.389676218605317, 3.211542324948797 ], [ -76.386350218136656, 3.190826146998953 ], [ -76.386344953432669, 3.188467271698316 ], [ -76.38694725768886, 3.186187404827703 ], [ -76.391565313906924, 3.177981495901339 ], [ -76.393825062769395, 3.176108843865025 ], [ -76.395991139251706, 3.17520126044024 ], [ -76.398905072793966, 3.174906140542767 ], [ -76.402295098562874, 3.175810992588336 ], [ -76.404679500660706, 3.177520315150899 ], [ -76.406634738472519, 3.180447356305273 ], [ -76.407247231698918, 3.182724443824192 ], [ -76.407158022486612, 3.185666896215251 ], [ -76.40462351666082, 3.191219348359559 ], [ -76.407661275672837, 3.210358531215303 ], [ -76.407155875538919, 3.227032577259847 ], [ -76.416920318364021, 3.254049053183299 ], [ -76.419421205423419, 3.26365164894513 ], [ -76.424000647306244, 3.269402848358909 ], [ -76.477115536753033, 3.299397100221485 ], [ -76.47888373998687, 3.300948028651093 ], [ -76.4801923055483, 3.302906058740876 ], [ -76.483452191594111, 3.312545101207693 ], [ -76.495174499711851, 3.322748286618858 ], [ -76.501715997177755, 3.322316406313387 ], [ -76.51574127365231, 3.29202531583089 ], [ -76.535162396667516, 3.265811349628629 ], [ -76.54701235977916, 3.248800829816825 ], [ -76.566235109848563, 3.212741455271765 ], [ -76.572921346927217, 3.182081867077003 ], [ -76.588857473290759, 3.135731223301229 ], [ -76.588641383938182, 3.121794273404446 ], [ -76.579200353697772, 3.103517386267991 ], [ -76.578355956760362, 3.099773857930216 ], [ -76.583944308508393, 3.07722009204234 ], [ -76.584749315419543, 3.062267283265883 ], [ -76.587280637468069, 3.062958263478341 ], [ -76.590446313227446, 3.062776196154515 ], [ -76.591965401879108, 3.063440384353919 ], [ -76.591839759008863, 3.065105386245977 ], [ -76.592315952318884, 3.066256929689528 ], [ -76.59206419244579, 3.066799876879644 ], [ -76.592381874870227, 3.066226525592906 ], [ -76.591915429796572, 3.065059619653975 ], [ -76.592039836115603, 3.063391624054759 ], [ -76.590507541372233, 3.062721661454967 ], [ -76.587340996303084, 3.062909963502674 ], [ -76.584753701478874, 3.062191514577169 ], [ -76.585443086673706, 3.049929558078847 ], [ -76.586288662265545, 3.049839469149769 ], [ -76.585446822635305, 3.049863130833508 ], [ -76.586285956610823, 3.034213213665329 ], [ -76.587848362432212, 3.035036683689392 ], [ -76.587986122981334, 3.035656943630226 ], [ -76.588113101226369, 3.035252962301253 ], [ -76.587488214093199, 3.034669366662931 ], [ -76.58628937798639, 3.034148623072987 ], [ -76.587751044485174, 3.005568043980613 ], [ -76.588468707995347, 3.00284596095093 ], [ -76.588492123944391, 3.002284550921078 ], [ -76.587745996788726, 3.005409526486922 ], [ -76.587243868415626, 2.986400099444498 ], [ -76.584996528492638, 2.964082968559739 ], [ -76.585347401397783, 2.964310762240883 ], [ -76.585491865485494, 2.964194131441194 ], [ -76.584979127029456, 2.963915131462147 ], [ -76.584353912281514, 2.957446103826956 ], [ -76.584112059719132, 2.953773621859733 ], [ -76.584583260418569, 2.953843088126409 ], [ -76.584095951803448, 2.953669129276674 ], [ -76.580257588487882, 2.897793901588383 ], [ -76.57986722823631, 2.880624711045376 ], [ -76.578277147963718, 2.86838200299536 ], [ -76.579799125157166, 2.835659369712006 ], [ -76.580203794812377, 2.783065031527995 ], [ -76.584944415699525, 2.739936673601975 ], [ -76.589509776352273, 2.704898425206455 ], [ -76.593126179691836, 2.667890667991453 ], [ -76.592364334532547, 2.64676215789026 ], [ -76.592524924632713, 2.630835662554873 ], [ -76.594677411497386, 2.582413396085028 ], [ -76.591734942627966, 2.527188721951091 ], [ -76.587208962867408, 2.510195006039197 ], [ -76.58402523253875, 2.510107430961975 ], [ -76.560080029715152, 2.504274257335203 ], [ -76.543362469339144, 2.50631454762825 ], [ -76.53163122834853, 2.509421714853248 ], [ -76.486114693878619, 2.510704433034709 ], [ -76.424599317158055, 2.511287322918964 ], [ -76.379031386503655, 2.501420536799531 ], [ -76.276729604583394, 2.520428294426936 ], [ -76.270926687860765, 2.521004859701252 ], [ -76.268066111578435, 2.520120850337835 ], [ -76.250659476059084, 2.510745726804497 ], [ -76.219889296597302, 2.491392716630862 ], [ -76.217370345016192, 2.488263814430782 ], [ -76.209025639464286, 2.469606913823339 ], [ -76.206974253383081, 2.461739662408674 ], [ -76.189897995205101, 2.456477253007884 ], [ -76.161447542948238, 2.461915157179445 ], [ -76.155355576625894, 2.462612576709517 ], [ -76.152605911733005, 2.463478430567362 ], [ -76.141190588344116, 2.471028393165323 ], [ -76.135635471185068, 2.477487605463493 ], [ -76.118550247507358, 2.493829602616108 ], [ -76.116306766370869, 2.495069551898244 ], [ -76.106852932367389, 2.498316884467981 ], [ -76.01394582142575, 2.502349970093386 ], [ -75.998754268001292, 2.501635777936712 ], [ -75.998768681301854, 2.483539417232272 ], [ -76.013782861816495, 2.484264781562128 ], [ -76.103914574449831, 2.480377725540369 ], [ -76.108295364558558, 2.478769748918681 ], [ -76.122814664848349, 2.464812056237574 ], [ -76.129453181796464, 2.457214959566367 ], [ -76.144894642315094, 2.447055774622516 ], [ -76.151931274401676, 2.444809379581987 ], [ -76.15689227537807, 2.444368178568729 ], [ -76.190623378550697, 2.438170153027847 ], [ -76.192846215556685, 2.438490235469471 ], [ -76.213626604456579, 2.444744743429948 ], [ -76.216526487559264, 2.446289527494915 ], [ -76.221281699707092, 2.450123473492772 ], [ -76.223114883145129, 2.452550813857528 ], [ -76.225678535167404, 2.462749835606337 ], [ -76.232595242602073, 2.478118967610453 ], [ -76.25960181612777, 2.495061657421782 ], [ -76.27364258216997, 2.502620554336585 ], [ -76.378772331849532, 2.483171782043682 ], [ -76.381039184053961, 2.483346912901446 ], [ -76.425836664861592, 2.493205223504805 ], [ -76.485722112733839, 2.492637105694682 ] ], [ [ -76.585491865485494, 2.964194131441194 ], [ -76.586693321943827, 2.964154867182575 ], [ -76.586845052353752, 2.964001697064836 ], [ -76.585491865485494, 2.964194131441194 ] ], [ [ -76.584674771770722, 2.95063556122411 ], [ -76.584210516295386, 2.950579637444737 ], [ -76.583929286450072, 2.950591032741467 ], [ -76.584674771770722, 2.95063556122411 ] ], [ [ -76.073606036821005, 4.633437281007166 ], [ -76.08889706235864, 4.592078173995736 ], [ -76.102802962611065, 4.544680913160733 ], [ -76.104830673527232, 4.536277894453876 ], [ -76.106965207516936, 4.530265497670805 ], [ -76.111603198374638, 4.502666013825284 ], [ -76.193069896199589, 4.347614536987914 ], [ -76.1968807871785, 4.338444938922339 ], [ -76.207357813878531, 4.306721076572282 ], [ -76.266188350377845, 4.23078350596705 ], [ -76.297001931303754, 4.189979789736165 ], [ -76.343429944699523, 4.063804800887369 ], [ -76.342978292230114, 3.961194454173981 ], [ -76.344038056289193, 3.957857554250811 ], [ -76.35937395375619, 3.93102888725511 ], [ -76.337933739606342, 3.957747299581601 ], [ -76.33605904403089, 3.959414460441864 ], [ -76.333683944970943, 3.960533557375681 ], [ -76.331174102681743, 3.960917668641321 ], [ -76.262069765768999, 3.961273859453658 ], [ -76.257931577748408, 3.962318759743614 ], [ -76.240407585030781, 3.979361011858501 ], [ -76.23401599867411, 3.987212647032916 ], [ -76.21626557329661, 4.019621969347075 ], [ -76.184253182488433, 4.075593482850222 ], [ -76.181861587603109, 4.081669012340094 ], [ -76.176729265474194, 4.101338665205524 ], [ -76.171587414855708, 4.123855699755215 ], [ -76.171184369360816, 4.123916112940591 ], [ -76.17158741396652, 4.123855702469781 ], [ -76.166669320879478, 4.145627251851165 ], [ -76.157744404628232, 4.173640889740675 ], [ -76.150086825701365, 4.209094322623742 ], [ -76.126677879239836, 4.241554340024196 ], [ -76.11402716454829, 4.256521569409671 ], [ -76.102951129449124, 4.273944396749827 ], [ -76.083777172520655, 4.300153387329502 ], [ -76.069767069980358, 4.339142849812324 ], [ -76.050493493576667, 4.397984751869919 ], [ -76.047613366523862, 4.404587638848687 ], [ -76.047168039884426, 4.407546777797823 ], [ -76.04011362509722, 4.42802793929091 ], [ -76.010636887985086, 4.508586826041784 ], [ -75.978388337674971, 4.573083854511608 ], [ -75.953892832933747, 4.611812562508497 ], [ -75.924897002992935, 4.643190306147104 ], [ -75.919460149579393, 4.679001926480714 ], [ -75.91321940622673, 4.715972360458942 ], [ -75.917960502292331, 4.724107737760773 ], [ -75.918446270553858, 4.72701175974948 ], [ -75.918191428447571, 4.731356711493583 ], [ -75.916272288753873, 4.734981955251016 ], [ -75.912952847351136, 4.737381751962082 ], [ -75.910682749217543, 4.737998463980159 ], [ -75.908330899810082, 4.738004697925446 ], [ -75.904460793451108, 4.736542426509335 ], [ -75.903942596110781, 4.737663640923587 ], [ -75.899060149944276, 4.75486825649493 ], [ -75.897520113770057, 4.765522711168281 ], [ -75.893998337275065, 4.780545665193975 ], [ -75.865979683797889, 4.845029242211549 ], [ -75.872003820472187, 4.846687800879987 ], [ -75.879736176349525, 4.843979746015072 ], [ -75.890345865814695, 4.838947314390004 ], [ -75.900170369192466, 4.836768159425578 ], [ -75.918281443529636, 4.8342044050875 ], [ -75.939110418714918, 4.827594063388714 ], [ -75.943681771540398, 4.827644631602762 ], [ -75.984742687246367, 4.805743561722649 ], [ -75.99499085831043, 4.787196117418466 ], [ -75.995139927360981, 4.787865837677857 ], [ -75.994990861882641, 4.787196110172391 ], [ -76.001871693849608, 4.774694091796678 ], [ -76.005645355873526, 4.764350415943808 ], [ -76.014648158641293, 4.75150458954887 ], [ -76.041793269570888, 4.702047329912247 ], [ -76.046706045201844, 4.692242239353456 ], [ -76.073606036821005, 4.633437281007166 ] ], [ [ -76.59773434916373, 3.015626504347061 ], [ -76.59828229641883, 3.015691820281541 ], [ -76.599261153860866, 3.01671643568545 ], [ -76.599599108665899, 3.016848483384427 ], [ -76.598348137396258, 3.01565253163361 ], [ -76.59773434916373, 3.015626504347061 ] ], [ [ -76.594007351125057, 3.016748764298275 ], [ -76.595361397924563, 3.017179858358233 ], [ -76.594550531807101, 3.016673101886393 ], [ -76.594007351125057, 3.016748764298275 ] ], [ [ -76.590184515970591, 3.016586157499422 ], [ -76.590241534418837, 3.014965769394049 ], [ -76.589766725106287, 3.014408506760556 ], [ -76.590175690779944, 3.015005058757779 ], [ -76.590085804470604, 3.017150495947363 ], [ -76.590700938368855, 3.019264068766766 ], [ -76.591011067816382, 3.019681337884792 ], [ -76.590184515970591, 3.016586157499422 ] ], [ [ -76.582687874134322, 2.85736008341828 ], [ -76.582202362294794, 2.857978881267242 ], [ -76.581474179110032, 2.860609926495439 ], [ -76.582282073922087, 2.85791252943592 ], [ -76.582687874134322, 2.85736008341828 ] ], [ [ -76.595666877762255, 2.873650862557438 ], [ -76.596247334186927, 2.875335425215332 ], [ -76.596342421836766, 2.876032651588365 ], [ -76.596316831899117, 2.875255641722782 ], [ -76.595666877762255, 2.873650862557438 ] ], [ [ -76.590977576193154, 2.875549840185976 ], [ -76.591221603435883, 2.874877101781053 ], [ -76.590913208185214, 2.875615205532891 ], [ -76.590977576193154, 2.875549840185976 ] ], [ [ -76.588903141186194, 2.870392905320768 ], [ -76.589875235885586, 2.870112808009639 ], [ -76.589960169099555, 2.870056938514738 ], [ -76.588903141186194, 2.870392905320768 ] ], [ [ -76.591687862884839, 2.86941678150722 ], [ -76.59039238787517, 2.869826236580082 ], [ -76.590307454725718, 2.869882106059431 ], [ -76.591687862884839, 2.86941678150722 ] ], [ [ -76.586286315027564, 2.889124183567837 ], [ -76.585605504208118, 2.889207164592374 ], [ -76.586216815299622, 2.88920396566071 ], [ -76.586291739433534, 2.890047840779165 ], [ -76.584826114554318, 2.893625044642742 ], [ -76.58636123912602, 2.889968057721479 ], [ -76.586286315027564, 2.889124183567837 ] ], [ [ -76.582033840707481, 2.8947735201357 ], [ -76.582826182940281, 2.896347556246122 ], [ -76.582904709782483, 2.895702560887054 ], [ -76.582033840707481, 2.8947735201357 ] ], [ [ -76.596396090747021, 2.903381154737616 ], [ -76.596464235220722, 2.904805194809312 ], [ -76.596582440278496, 2.90368279734789 ], [ -76.596475806502184, 2.903314803499902 ], [ -76.596184714244245, 2.903103280724336 ], [ -76.595458474652574, 2.90299780842263 ], [ -76.594411739131814, 2.903045351355631 ], [ -76.593954102735765, 2.903150823273542 ], [ -76.59149753384898, 2.903147952230468 ], [ -76.59104697491145, 2.903241122297009 ], [ -76.596396090747021, 2.903381154737616 ] ], [ [ -76.586460517427454, 2.908555279397866 ], [ -76.588345969728493, 2.910878021041597 ], [ -76.588698645741502, 2.910933939178872 ], [ -76.587547218718328, 2.909285778868421 ], [ -76.587103356146599, 2.908797234072861 ], [ -76.586540232833244, 2.908488928602614 ], [ -76.583935513848374, 2.907934335191912 ], [ -76.583092248046839, 2.908032268171553 ], [ -76.586460517427454, 2.908555279397866 ] ], [ [ -76.589928123365524, 2.910314719863534 ], [ -76.589111461871397, 2.913668875238797 ], [ -76.589610825764467, 2.912891600588221 ], [ -76.589734725847364, 2.91241406948471 ], [ -76.590002109272888, 2.910477269548297 ], [ -76.589969798080233, 2.909859493750615 ], [ -76.58983721027991, 2.909696653809856 ], [ -76.589438138448131, 2.909734177053839 ], [ -76.589928123365524, 2.910314719863534 ] ], [ [ -76.598601181525979, 2.912200411217465 ], [ -76.598592240651726, 2.912999519116684 ], [ -76.598785231960335, 2.912616221457036 ], [ -76.598243959062202, 2.911257231349582 ], [ -76.596685000635986, 2.909124000769808 ], [ -76.596337132190442, 2.908911320669715 ], [ -76.596165427427977, 2.908973217919891 ], [ -76.598601181525979, 2.912200411217465 ] ], [ [ -76.588828369595419, 2.997898663445725 ], [ -76.588440949569176, 2.997222001378416 ], [ -76.588145969722873, 2.997330826891605 ], [ -76.588362979461252, 2.997278473897422 ], [ -76.588828369595419, 2.997898663445725 ] ], [ [ -76.587616287157289, 2.962757148157297 ], [ -76.588242135146814, 2.962951762886741 ], [ -76.588586863034905, 2.96387263696586 ], [ -76.588374655818455, 2.966246446839542 ], [ -76.588666583480858, 2.963806285879199 ], [ -76.588321857440775, 2.962885411873891 ], [ -76.587616287157289, 2.962757148157297 ] ], [ [ -76.586117313640912, 2.950732048674406 ], [ -76.585916689450045, 2.950807899613598 ], [ -76.586505829501064, 2.950780974543168 ], [ -76.586117313640912, 2.950732048674406 ] ], [ [ -76.593867615422084, 3.001377428417749 ], [ -76.592270333030598, 3.001997539457967 ], [ -76.593787892138451, 3.001443780064657 ], [ -76.594105682781873, 3.001998696660209 ], [ -76.593867615422084, 3.001377428417749 ] ], [ [ -76.596365300996396, 2.965535587860351 ], [ -76.596821527311107, 2.973107184937597 ], [ -76.597105498745407, 2.973845308114664 ], [ -76.596433067783565, 2.965920782416492 ], [ -76.596828444818613, 2.964397769469314 ], [ -76.597700811983302, 2.963642826302421 ], [ -76.596708804570142, 2.964331321074603 ], [ -76.596365300996396, 2.965535587860351 ] ], [ [ -76.596661546067097, 3.049442147346976 ], [ -76.596781600725592, 3.051682767725602 ], [ -76.597050227587829, 3.051916892783861 ], [ -76.597435859118931, 3.051839929918974 ], [ -76.59684744791106, 3.051643479206981 ], [ -76.596661546067097, 3.049442147346976 ] ], [ [ -76.601997846239456, 3.044820473608325 ], [ -76.60205784479011, 3.046306404536998 ], [ -76.601711548603532, 3.046949483005463 ], [ -76.602123689502577, 3.046267115411146 ], [ -76.6021882272521, 3.045354919189492 ], [ -76.602063692725579, 3.044781183681311 ], [ -76.601797371439758, 3.044433457737123 ], [ -76.601270469499354, 3.044482893593244 ], [ -76.601997846239456, 3.044820473608325 ] ], [ [ -76.5968385728481, 3.047869984950598 ], [ -76.597270518833923, 3.047816849476891 ], [ -76.59619952149616, 3.047822944579146 ], [ -76.5968385728481, 3.047869984950598 ] ], [ [ -76.589537336187021, 3.054331457191815 ], [ -76.587257925628933, 3.054490078801787 ], [ -76.58684945633658, 3.054565658722081 ], [ -76.589537336187021, 3.054331457191815 ] ], [ [ -76.588314525256877, 3.050742805428621 ], [ -76.588531847394606, 3.050130242667966 ], [ -76.58845229828944, 3.049557660147344 ], [ -76.588049902569992, 3.04925281726043 ], [ -76.588314525256877, 3.050742805428621 ] ], [ [ -76.599157000923981, 3.022813158750254 ], [ -76.598446399626695, 3.024014659157208 ], [ -76.599705951410073, 3.022077301458518 ], [ -76.599157000923981, 3.022813158750254 ] ], [ [ -76.593451149938289, 3.029127628797858 ], [ -76.592674482091482, 3.029222346909502 ], [ -76.592352227977401, 3.028302048348662 ], [ -76.592847233778926, 3.026053133502926 ], [ -76.592286382527888, 3.028341336907609 ], [ -76.592608636663485, 3.029261636443674 ], [ -76.593451149938289, 3.029127628797858 ] ], [ [ -76.597378338901592, 3.028356535900672 ], [ -76.596952334989453, 3.028051119287436 ], [ -76.596567946342617, 3.027935824665129 ], [ -76.597468720840411, 3.028536070471161 ], [ -76.597638602262649, 3.029324719210651 ], [ -76.597688475374468, 3.028773802287518 ], [ -76.597378338901592, 3.028356535900672 ] ], [ [ -76.596404209098168, 3.029742788849804 ], [ -76.596388476428032, 3.030181953846173 ], [ -76.59708431970266, 3.030793654132416 ], [ -76.597041171558971, 3.030336817428246 ], [ -76.596404209098168, 3.029742788849804 ] ], [ [ -76.596327548246109, 3.03185288472662 ], [ -76.596247154325994, 3.03123231551245 ], [ -76.596261704968086, 3.031892175413222 ], [ -76.596957502204532, 3.03234015281264 ], [ -76.597589790472753, 3.032428381541032 ], [ -76.596327548246109, 3.03185288472662 ] ], [ [ -76.600149911746655, 3.031969827386162 ], [ -76.600975203307641, 3.034093546000165 ], [ -76.601042456752026, 3.033728833193741 ], [ -76.600215756400146, 3.031930536617741 ], [ -76.598921986835862, 3.031725973356211 ], [ -76.600149911746655, 3.031969827386162 ] ], [ [ -76.598843169842922, 3.034616563790308 ], [ -76.598812180322284, 3.034849085428046 ], [ -76.598896975101198, 3.034567104270887 ], [ -76.598843169842922, 3.034616563790308 ] ], [ [ -76.594636007923455, 3.034834868555321 ], [ -76.593663184794323, 3.033102342148083 ], [ -76.5933857563613, 3.031811894079255 ], [ -76.593423258917468, 3.032726691713954 ], [ -76.594636007923455, 3.034834868555321 ] ], [ [ -76.588386809164206, 3.029776357505051 ], [ -76.588404949360907, 3.029588327469158 ], [ -76.588328727228301, 3.029822967601818 ], [ -76.588386809164206, 3.029776357505051 ] ], [ [ -76.58755072804648, 3.041129337885088 ], [ -76.587236870246926, 3.043028139493436 ], [ -76.58774198317127, 3.042143635691212 ], [ -76.587846872671733, 3.041506149494162 ], [ -76.587616572443977, 3.041090048500257 ], [ -76.58703649564859, 3.041130598458268 ], [ -76.58755072804648, 3.041129337885088 ] ], [ [ -76.599653611613135, 3.058186772804268 ], [ -76.599969336669389, 3.058687693595141 ], [ -76.600377375860049, 3.058961450878551 ], [ -76.600859123910226, 3.05891880399561 ], [ -76.599724888144351, 3.058139057712734 ], [ -76.599861397910985, 3.055288730369393 ], [ -76.599432809625441, 3.056729023253213 ], [ -76.599653611613135, 3.058186772804268 ] ], [ [ -76.480236496872166, 3.638144826901645 ], [ -76.480467006904618, 3.638427387967657 ], [ -76.472126255463976, 3.651845716115741 ], [ -76.45793765312493, 3.684139470428295 ], [ -76.449404558493583, 3.694727179970282 ], [ -76.429451674247957, 3.732106437317737 ], [ -76.42834381899857, 3.743477522447278 ], [ -76.46816338803778, 3.676918603261361 ], [ -76.481290731880264, 3.637107444046991 ], [ -76.480467006901151, 3.638427387064282 ], [ -76.480236496872166, 3.638144826901645 ] ], [ [ -76.451932393213198, 3.739041026886234 ], [ -76.411288787472714, 3.807272491111525 ], [ -76.404974367839003, 3.846374306641075 ], [ -76.416284740531964, 3.829731647768958 ], [ -76.422899424792391, 3.825082515601022 ], [ -76.426586667965267, 3.823233880513422 ], [ -76.429137334876771, 3.820364742288358 ], [ -76.451932393213198, 3.739041026886234 ] ], [ [ -76.364811127224769, 4.023270448632091 ], [ -76.377627870948331, 3.967162750939771 ], [ -76.378465178091858, 3.959783993087282 ], [ -76.379282085746084, 3.956879170142759 ], [ -76.379773270007917, 3.931776473264047 ], [ -76.360894960867483, 3.964910233397375 ], [ -76.361193289559608, 4.03243391764198 ], [ -76.364811127224769, 4.023270448632091 ] ], [ [ -76.459419460672777, 3.726597358088286 ], [ -76.458199347742678, 3.728586240539111 ], [ -76.455526235825189, 3.733012913934973 ], [ -76.459420633631666, 3.728741531138284 ], [ -76.459419460672777, 3.726597358088286 ] ], [ [ -76.132059967212228, 4.233973704831782 ], [ -76.132114783695172, 4.233896063610358 ], [ -76.132059937671798, 4.233973745617999 ], [ -76.132059967212228, 4.233973704831782 ] ], [ [ -76.130922028047905, 4.235412964775741 ], [ -76.130843248287576, 4.235508385943758 ], [ -76.130720107970106, 4.235657540235798 ], [ -76.130922028047905, 4.235412964775741 ] ], [ [ -76.130482251417362, 4.235777728126251 ], [ -76.130481882361963, 4.235777728719305 ], [ -76.130479467312341, 4.235777735802746 ], [ -76.130482251417362, 4.235777728126251 ] ], [ [ -76.130458433942167, 4.235777791283815 ], [ -76.130310979818958, 4.235778183240661 ], [ -76.130231960876969, 4.235778393439112 ], [ -76.130458433942167, 4.235777791283815 ] ], [ [ -76.129933887869626, 4.23556398303951 ], [ -76.129924865513374, 4.23555497268536 ], [ -76.129901713589106, 4.23553185232191 ], [ -76.129933887869626, 4.23556398303951 ] ], [ [ -76.129714616361682, 4.235239996521268 ], [ -76.129699636537538, 4.235212326317685 ], [ -76.129695484849151, 4.235204658085423 ], [ -76.129714616361682, 4.235239996521268 ] ], [ [ -76.129431861824145, 4.235272120725041 ], [ -76.129401684341559, 4.235331592657736 ], [ -76.129366840603694, 4.235400260583498 ], [ -76.129431861824145, 4.235272120725041 ] ], [ [ -76.129299703788774, 4.235772502061993 ], [ -76.129299950976531, 4.23586640635277 ], [ -76.129300280763104, 4.235991584660428 ], [ -76.129299703788774, 4.235772502061993 ] ], [ [ -76.129300473137135, 4.236064472721717 ], [ -76.129300555141725, 4.236095600341717 ], [ -76.129301216471376, 4.236346376265093 ], [ -76.129300473137135, 4.236064472721717 ] ], [ [ -76.128044871727397, 4.234770473730001 ], [ -76.127806381803268, 4.2346515494763 ], [ -76.128046713469303, 4.234791984299121 ], [ -76.128044871727397, 4.234770473730001 ] ], [ [ -76.127424615573673, 4.234389534027526 ], [ -76.127401729374341, 4.234364199265651 ], [ -76.127392083755467, 4.234353522236697 ], [ -76.127424615573673, 4.234389534027526 ] ], [ [ -76.127388968005064, 4.234350072774532 ], [ -76.12720000873901, 4.234176988411432 ], [ -76.126886313355357, 4.233889648791291 ], [ -76.127388968005064, 4.234350072774532 ] ], [ [ -76.12688626638537, 4.23388960831488 ], [ -76.126886232968133, 4.233889580435418 ], [ -76.126886313355357, 4.233889648791291 ], [ -76.12688626638537, 4.23388960831488 ] ], [ [ -76.125518826851959, 4.233965396194502 ], [ -76.125635388069909, 4.234128998077805 ], [ -76.125647193379336, 4.234145567589549 ], [ -76.125518826851959, 4.233965396194502 ] ], [ [ -76.126115231274071, 4.234608213283634 ], [ -76.126216420148467, 4.234759727774675 ], [ -76.126227747275664, 4.234776687789545 ], [ -76.126115231274071, 4.234608213283634 ] ], [ [ -76.12637890384228, 4.235246727698566 ], [ -76.126379046364193, 4.235301017060711 ], [ -76.126379172537682, 4.235348772718535 ], [ -76.12637890384228, 4.235246727698566 ] ], [ [ -76.126441158658722, 4.235909560155886 ], [ -76.126491073555755, 4.23585918350232 ], [ -76.126499580520985, 4.235850597307092 ], [ -76.126441158658722, 4.235909560155886 ] ], [ [ -76.126531552634262, 4.235807562716407 ], [ -76.126553364864378, 4.235778203439949 ], [ -76.126570780264132, 4.235754761343595 ], [ -76.126531552634262, 4.235807562716407 ] ], [ [ -76.127546282275375, 4.235369587391727 ], [ -76.12756117730288, 4.235367885923215 ], [ -76.12776057359828, 4.235345107263161 ], [ -76.127546282275375, 4.235369587391727 ] ], [ [ -76.172406292428505, 4.425786930348807 ], [ -76.174091826558438, 4.423563484887835 ], [ -76.174922181892327, 4.421035106473765 ], [ -76.173365519924005, 4.423959832564328 ], [ -76.172406292428505, 4.425786930348807 ] ], [ [ -75.782055300262499, 4.934513004256281 ], [ -75.821618599728851, 4.878235547791607 ], [ -75.830461458700924, 4.864260093006987 ], [ -75.816916194422774, 4.864035147865525 ], [ -75.797184723028749, 4.867837670457452 ], [ -75.78504735851935, 4.871112137109765 ], [ -75.757116609706515, 4.884915294754153 ], [ -75.74170978366439, 4.896914357049847 ], [ -75.731960375895497, 4.903524095753153 ], [ -75.724713860298237, 4.907663931534786 ], [ -75.703354276337649, 4.9133718297648 ], [ -75.687380646023755, 4.911055735491225 ], [ -75.697694608013606, 4.923100904771328 ], [ -75.710501064645442, 4.945385923382291 ], [ -75.731130525135612, 4.983447289538664 ], [ -75.739166190575361, 5.001882483820396 ], [ -75.751190014162972, 4.984526551658482 ], [ -75.782055300262499, 4.934513004256281 ] ] ], [ [ [ -76.602359153086439, 3.069670927043595 ], [ -76.601985324416717, 3.068591866413685 ], [ -76.602461786691578, 3.067289037780607 ], [ -76.602359153086439, 3.069670927043595 ] ] ], [ [ [ -76.439536673822289, 8.015932443895553 ], [ -76.452258529134951, 8.019310220710489 ], [ -76.464640124344996, 8.018769970476358 ], [ -76.465830294174651, 8.019652075291113 ], [ -76.466222385727221, 8.02056572600986 ], [ -76.466133801937332, 8.023587236200671 ], [ -76.466501954510136, 8.024471600441887 ], [ -76.465319879407687, 8.02630450751502 ], [ -76.466117388247227, 8.027319038925027 ], [ -76.466520572076462, 8.029377046524992 ], [ -76.465962038348508, 8.030116206939883 ], [ -76.46666356231934, 8.031274754393275 ], [ -76.466559664498078, 8.033996965529141 ], [ -76.464792279036203, 8.035747065690661 ], [ -76.46152035723577, 8.036877909409959 ], [ -76.450381404186047, 8.037432304972018 ], [ -76.43843176458617, 8.034246558653722 ], [ -76.429905979754039, 8.036477605425357 ], [ -76.40681882253881, 8.040102139612788 ], [ -76.394697755295255, 8.040565417281895 ], [ -76.297992864589318, 8.039070072451306 ], [ -76.293135186784482, 8.039391329249096 ], [ -76.232405201593622, 8.039124032883709 ], [ -76.213139857296412, 8.040725052064401 ], [ -76.206387603605336, 8.039878527736587 ], [ -76.20254115744531, 8.037609712056744 ], [ -76.198480690383406, 8.040120187942549 ], [ -76.187568757123245, 8.042237100675136 ], [ -76.181812890928796, 8.040971102300952 ], [ -76.16797926630521, 8.040808585505109 ], [ -76.158545278884773, 8.039046565770844 ], [ -76.148713337379661, 8.04619219699001 ], [ -76.144378717780356, 8.047622022499169 ], [ -76.139086488684285, 8.051925774304186 ], [ -76.114886363858858, 8.06661460921276 ], [ -76.097267193560526, 8.077105737374424 ], [ -76.089076213933907, 8.080740915886226 ], [ -76.061561718862293, 8.089500953422998 ], [ -76.052262011824027, 8.091575605214647 ], [ -76.016313770971834, 8.093798040160816 ], [ -76.008356854475096, 8.095072333511824 ], [ -75.997618628625673, 8.095348959779153 ], [ -75.987844563489332, 8.096517827909143 ], [ -75.978719696625433, 8.094025211583295 ], [ -75.9689745390057, 8.092562078666235 ], [ -75.93973205107612, 8.089423500634075 ], [ -75.929899001731357, 8.086838751971197 ], [ -75.917142405028969, 8.081436199031083 ], [ -75.907966700592468, 8.082490567076125 ], [ -75.893997625809604, 8.082837208099702 ], [ -75.849179842027468, 8.078076960601825 ], [ -75.844420486732503, 8.075514920493372 ], [ -75.823969960542172, 8.069534770955958 ], [ -75.814466026297822, 8.06506864179245 ], [ -75.759596591487039, 8.044676616181457 ], [ -75.751108959692488, 8.042921161740662 ], [ -75.737691326646612, 8.036053802166583 ], [ -75.734098666019165, 8.033774325946627 ], [ -75.731510042084551, 8.032842246384465 ], [ -75.702774345912871, 8.024923916279377 ], [ -75.649067444765464, 8.003715312033675 ], [ -75.622950437809948, 7.995536897227473 ], [ -75.614546403633824, 7.99444166520767 ], [ -75.603656225879746, 7.987135568060395 ], [ -75.595375046567085, 7.985432295779066 ], [ -75.588659673093957, 7.981708381358103 ], [ -75.583196700777407, 7.980237438150395 ], [ -75.57392255964119, 7.976530930937871 ], [ -75.569278096466789, 7.975419910104671 ], [ -75.569574493638896, 7.97506741488653 ], [ -75.566421858759313, 7.973430986087656 ], [ -75.564740444145983, 7.973374321804583 ], [ -75.563525099645531, 7.972778003882617 ], [ -75.56400993712785, 7.972291203268576 ], [ -75.563525097820587, 7.972778002085834 ], [ -75.555320983285398, 7.968809557599288 ], [ -75.544585353559683, 7.963521785770547 ], [ -75.533400839178739, 7.95446121512388 ], [ -75.527345300524175, 7.951853696266342 ], [ -75.521998198013264, 7.951040025853267 ], [ -75.51636661782095, 7.948888563615849 ], [ -75.503877555879271, 7.952733182353733 ], [ -75.501652827349034, 7.972656557245983 ], [ -75.502538518446144, 8.023988903914093 ], [ -75.502122188034249, 8.072789285463186 ], [ -75.510563837375244, 8.258224065151747 ], [ -75.486322066787935, 8.404020208065525 ], [ -75.48159963521779, 8.485440709539668 ], [ -75.476504984874268, 8.53729858476923 ], [ -75.474291754158742, 8.633612344890693 ], [ -75.473413913891505, 8.641199068654073 ], [ -75.472236827965389, 8.648463990634649 ], [ -75.471043540780087, 8.650707786600895 ], [ -75.469270373162615, 8.652532774212009 ], [ -75.466818252876692, 8.653886070840528 ], [ -75.463938244553333, 8.654434713930751 ], [ -75.46103646030592, 8.654043393222672 ], [ -75.458513631412117, 8.65282545223284 ], [ -75.455657148630891, 8.649614469074322 ], [ -75.454609772428682, 8.645454605235157 ], [ -75.456145478807244, 8.632683796870733 ], [ -75.458366253988231, 8.536294008426085 ], [ -75.463496098202143, 8.484011945267408 ], [ -75.468245423246628, 8.402240077188917 ], [ -75.492390062179098, 8.257118500143045 ], [ -75.483986031379189, 8.073266226943405 ], [ -75.484400464337426, 8.024027666846214 ], [ -75.483509771507968, 7.972063997030862 ], [ -75.485456206192637, 7.952932135315331 ], [ -75.486666063962147, 7.945923026241172 ], [ -75.48511056991714, 7.943566818719344 ], [ -75.484364635945482, 7.941406203428368 ], [ -75.484193274579056, 7.939003390002926 ], [ -75.484653786944648, 7.936671252233563 ], [ -75.473119250007045, 7.921475842560468 ], [ -75.334427391593337, 7.820689794232178 ], [ -75.268541350814857, 7.78397256558874 ], [ -75.250166266313585, 7.769202785213817 ], [ -75.241987184989313, 7.76524825969148 ], [ -75.239792499166029, 7.762811333697722 ], [ -75.235283333015531, 7.754310242533016 ], [ -75.232843670306764, 7.748796567024036 ], [ -75.232208333743799, 7.742694374234588 ], [ -75.226777828387412, 7.733415945750618 ], [ -75.163219149525062, 7.687658025063415 ], [ -75.152078664139751, 7.680538414615846 ], [ -75.152050114463208, 7.680012360423677 ], [ -75.152078655047688, 7.680538409235523 ], [ -75.138555173487333, 7.671947555701242 ], [ -75.125808611628685, 7.660740477873039 ], [ -75.080224227248195, 7.625876799830857 ], [ -75.039385123749881, 7.579530246019306 ], [ -75.025872757581098, 7.559550605598059 ], [ -75.000288513623019, 7.524494085797211 ], [ -74.927273055225925, 7.449447124173361 ], [ -74.906124369823786, 7.432011310960313 ], [ -74.866659553227578, 7.404249860027766 ], [ -74.864420576744905, 7.401884621014373 ], [ -74.837989152679143, 7.339688674123798 ], [ -74.817383011805703, 7.297677774560281 ], [ -74.802591161870538, 7.253389128770293 ], [ -74.795682042539681, 7.23869859132007 ], [ -74.780277006549341, 7.18824045245159 ], [ -74.767067732256336, 7.125104316326381 ], [ -74.762534718944266, 7.108357960581416 ], [ -74.75443762911928, 7.082563470050047 ], [ -74.760339560160702, 7.002007530104703 ], [ -74.772645884354418, 6.963375226184543 ], [ -74.792517503600749, 6.896218085020108 ], [ -74.795413729516682, 6.882679668615518 ], [ -74.792772896583514, 6.882039476188144 ], [ -74.794070668113051, 6.881373566438146 ], [ -74.79402740017737, 6.880771546449392 ], [ -74.795581391684934, 6.88063094586798 ], [ -74.796971528823974, 6.879418914860487 ], [ -74.798774670942507, 6.879637656170774 ], [ -74.80143169477266, 6.881853525637285 ], [ -74.803634925804943, 6.881602065513956 ], [ -74.80592046821684, 6.882918671894588 ], [ -74.806387904007536, 6.883644849650124 ], [ -74.804331986419854, 6.8852139507982 ], [ -74.807161048390313, 6.888381193682742 ], [ -74.807488573365902, 6.889827909188148 ], [ -74.809731045568213, 6.889863805842822 ], [ -74.809747532865742, 6.891213450303401 ], [ -74.811954378356191, 6.887586944762516 ], [ -74.812869633323658, 6.888096066147969 ], [ -74.810023788164145, 6.900812044032656 ], [ -74.801830169919768, 6.92877715615527 ], [ -74.789921339950794, 6.968764354609883 ], [ -74.778143940425267, 7.005559720991148 ], [ -74.772532161973771, 7.08014880918024 ], [ -74.779889840735379, 7.103212047190889 ], [ -74.784685532420184, 7.120918678481866 ], [ -74.79780364939181, 7.183672566346176 ], [ -74.812683924834971, 7.232412504930412 ], [ -74.819554000731287, 7.247021280052912 ], [ -74.830321397112911, 7.279054504982071 ], [ -74.834088355495624, 7.290611637404056 ], [ -74.848671191614628, 7.321089073855546 ], [ -74.849785312572976, 7.322545486480211 ], [ -74.854490157622024, 7.332225368047842 ], [ -74.879350643658896, 7.391023294656071 ], [ -74.917069009641324, 7.417593574770508 ], [ -74.939566687867455, 7.436147751305994 ], [ -75.013709063465299, 7.512308753144517 ], [ -75.040617173926393, 7.549037951928204 ], [ -75.053723885173071, 7.568444862707254 ], [ -75.092433954083035, 7.61244902959355 ], [ -75.137154708154384, 7.646637878485273 ], [ -75.149382086953651, 7.657415127326375 ], [ -75.173489587824946, 7.672757827909853 ], [ -75.239772878184112, 7.720586699311191 ], [ -75.245943849704332, 7.729701337118133 ], [ -75.249362733762709, 7.736505764462558 ], [ -75.250089827909932, 7.738940617552972 ], [ -75.250495478473482, 7.744103342093212 ], [ -75.254138439289349, 7.751167110891609 ], [ -75.260085917222895, 7.754037402438993 ], [ -75.278273974442214, 7.768661951395454 ], [ -75.344484281117559, 7.805577557362561 ], [ -75.477194934933365, 7.902010603228502 ], [ -75.458726376723533, 7.818845649144274 ], [ -75.437677614423137, 7.738420766714595 ], [ -75.41237824108174, 7.604448584999531 ], [ -75.372209593288559, 7.529501437454526 ], [ -75.365995945685, 7.511982220873172 ], [ -75.344768788300044, 7.468243306067295 ], [ -75.344387426462873, 7.393438252136741 ], [ -75.33577128629706, 7.353127088961767 ], [ -75.324283633057021, 7.327596801148593 ], [ -75.323571754961691, 7.325108398801049 ], [ -75.322038533707058, 7.303260045154198 ], [ -75.321699636973648, 7.281720256238468 ], [ -75.319598338251765, 7.269077772978984 ], [ -75.319314993320518, 7.250509683705388 ], [ -75.321880204852448, 7.219080712973237 ], [ -75.319864907633658, 7.1914972388264 ], [ -75.31915533109138, 7.184396057342114 ], [ -75.309220360745257, 7.142411641925718 ], [ -75.310040499260609, 7.130098519432076 ], [ -75.309419355678429, 7.125108241112612 ], [ -75.306705875809314, 7.113381089315022 ], [ -75.306352185948228, 7.101918542277258 ], [ -75.303443381695402, 7.077275281063982 ], [ -75.300888181380486, 7.069327260415685 ], [ -75.29329031192421, 7.050486216466476 ], [ -75.285852989978423, 7.035912579886832 ], [ -75.276325132121741, 7.000773529541797 ], [ -75.261894424495964, 6.962122487468342 ], [ -75.2484559443797, 6.932435284380245 ], [ -75.243326318650375, 6.9169955040714 ], [ -75.239581175456507, 6.907941001637403 ], [ -75.228189414628375, 6.894238855196347 ], [ -75.210092691090921, 6.925867243246555 ], [ -75.205537104578411, 6.931974708419168 ], [ -75.202811397701922, 6.937513065820878 ], [ -75.194531412523261, 6.950272286569897 ], [ -75.190980263670667, 6.952356693116267 ], [ -75.171500139799761, 6.957292265017505 ], [ -75.150009215876622, 6.968301939379423 ], [ -75.151758931012083, 6.966492187841689 ], [ -75.151492846776932, 6.965162821942283 ], [ -75.153966734490737, 6.961085325522423 ], [ -75.155203964606812, 6.961631111941887 ], [ -75.156280758736571, 6.961351877744914 ], [ -75.157616078351339, 6.959755149937634 ], [ -75.157226463626799, 6.958598549216409 ], [ -75.156058398008284, 6.957573063610418 ], [ -75.156802578040669, 6.957925225068775 ], [ -75.157538347789441, 6.958902745401715 ], [ -75.157251550915319, 6.956060230310295 ], [ -75.158145767572819, 6.95406557507328 ], [ -75.157838990172522, 6.952579840985097 ], [ -75.158876367597941, 6.951745348714288 ], [ -75.15884923873169, 6.950585957757688 ], [ -75.159791822119033, 6.949925737124035 ], [ -75.159885131110514, 6.949091830244273 ], [ -75.16121582000828, 6.947613049901967 ], [ -75.162168214706554, 6.947225025016455 ], [ -75.162837465705735, 6.947734808287418 ], [ -75.166442494784931, 6.947623230288781 ], [ -75.168435190281045, 6.949092599925078 ], [ -75.170430412518854, 6.946818232928827 ], [ -75.171723594997744, 6.946301684092015 ], [ -75.171717147018541, 6.944977916879144 ], [ -75.172701658358307, 6.944246834066432 ], [ -75.174279975713574, 6.944134413354814 ], [ -75.175110384079105, 6.943384648925495 ], [ -75.172284687760865, 6.941883715034765 ], [ -75.171228639169868, 6.940593202698209 ], [ -75.169170585826095, 6.940103253539708 ], [ -75.168016586368509, 6.938815447883511 ], [ -75.181899562160197, 6.934800654981358 ], [ -75.186090977183056, 6.928295781643156 ], [ -75.189225648845351, 6.920919025442566 ], [ -75.194521793698087, 6.915434741327917 ], [ -75.205220313924045, 6.896230243069819 ], [ -75.206108529531505, 6.89666673708392 ], [ -75.207396196043518, 6.894559482969735 ], [ -75.207253333042928, 6.89303243772753 ], [ -75.207830026189043, 6.891534413969313 ], [ -75.212914346079899, 6.882516341376697 ], [ -75.213837149737643, 6.882427120638113 ], [ -75.217528153680973, 6.879380039346395 ], [ -75.216843734832892, 6.878837208103894 ], [ -75.216095631157316, 6.876048219286649 ], [ -75.216576622031837, 6.875735105881135 ], [ -75.216210562939835, 6.87427218989649 ], [ -75.217097861686852, 6.871775154449718 ], [ -75.216273849268887, 6.870589336378566 ], [ -75.216238040165138, 6.869397050261332 ], [ -75.217543248140842, 6.867224273130138 ], [ -75.217222784691288, 6.864415141132195 ], [ -75.217699473294743, 6.86334714264073 ], [ -75.218982397019545, 6.862297103156235 ], [ -75.219516131616501, 6.860476545555685 ], [ -75.219547065882935, 6.857711700763886 ], [ -75.21795816271873, 6.856608318878775 ], [ -75.219742699182504, 6.855461072298996 ], [ -75.220112737052588, 6.85365864617024 ], [ -75.233464726662504, 6.872249106428439 ], [ -75.255682601008644, 6.899499993620553 ], [ -75.260323143350377, 6.910780401841206 ], [ -75.265318018125896, 6.925854692118172 ], [ -75.27871426648052, 6.955427399697896 ], [ -75.293564244710609, 6.995247883197301 ], [ -75.302750357542763, 7.029282717357737 ], [ -75.309992217033582, 7.043537334168131 ], [ -75.31783500483651, 7.062946856414459 ], [ -75.321043642298108, 7.072890785734729 ], [ -75.324385246904768, 7.100284384010038 ], [ -75.324671985607225, 7.110923286706073 ], [ -75.327322833311172, 7.122265766966366 ], [ -75.328163455947873, 7.128940983225561 ], [ -75.327332915815362, 7.140556965954298 ], [ -75.337028033946979, 7.18137818187281 ], [ -75.339063781335042, 7.203919024943142 ], [ -75.340003087350951, 7.219373167834979 ], [ -75.337422502576544, 7.251128115196475 ], [ -75.337741181362816, 7.268192592349287 ], [ -75.339782298364952, 7.280539397379497 ], [ -75.340140928980389, 7.302633456164586 ], [ -75.341463412385451, 7.32165748665167 ], [ -75.349214753501627, 7.33899015402149 ], [ -75.350121279791267, 7.33574395615436 ], [ -75.352089623335971, 7.333083971345677 ], [ -75.397429762625379, 7.29339520108707 ], [ -75.423433779238366, 7.26854633923338 ], [ -75.474911534591826, 7.233652978539953 ], [ -75.478968018588731, 7.232465086654349 ], [ -75.513180422482904, 7.231549848924319 ], [ -75.515485687523608, 7.230799320727762 ], [ -75.522466921884146, 7.221390898407135 ], [ -75.529446853315164, 7.216216201961136 ], [ -75.564770459958908, 7.206583792485538 ], [ -75.617582497915478, 7.187954956610184 ], [ -75.624551928230503, 7.173031961790953 ], [ -75.640160668900336, 7.150153259388956 ], [ -75.645947288969325, 7.14311647399883 ], [ -75.646782809701349, 7.139758385218226 ], [ -75.65026636567471, 7.139989242270567 ], [ -75.651523284086949, 7.139586714557665 ], [ -75.653782150094315, 7.140344147273171 ], [ -75.656745978186933, 7.139871960029346 ], [ -75.658981674100133, 7.138846134077493 ], [ -75.660619606886371, 7.137595632220852 ], [ -75.661631780765731, 7.134938865444382 ], [ -75.662681002367989, 7.133783980649413 ], [ -75.662869810705274, 7.130298259642742 ], [ -75.663621713509514, 7.129637174752537 ], [ -75.664099730389879, 7.131091217650225 ], [ -75.661498530892715, 7.136499792149983 ], [ -75.661462395514604, 7.137527181549739 ], [ -75.662083550893627, 7.13843964110877 ], [ -75.663591997100255, 7.138250085300515 ], [ -75.664453743426776, 7.138775458304712 ], [ -75.665902844464739, 7.13782756214164 ], [ -75.662774548078872, 7.151175938536308 ], [ -75.655146161009981, 7.161305615254637 ], [ -75.646276858670703, 7.17486053487137 ], [ -75.63233889267616, 7.200415035480473 ], [ -75.629914468925392, 7.20310959229807 ], [ -75.614598602186348, 7.209224741246833 ], [ -75.570115635318629, 7.224564481301485 ], [ -75.537599565246168, 7.233286742182682 ], [ -75.527741936209381, 7.246012798328294 ], [ -75.525543515457642, 7.247451646510244 ], [ -75.518851555428981, 7.25006823838575 ], [ -75.516131395473707, 7.250535726636141 ], [ -75.482524254125096, 7.251106021879103 ], [ -75.439449484247945, 7.280203587389193 ], [ -75.409833186829317, 7.30743076785132 ], [ -75.367755662727504, 7.344272462829805 ], [ -75.36515993976333, 7.360284486872438 ], [ -75.369931935781793, 7.417840311418347 ], [ -75.373330183606512, 7.446957963790549 ], [ -75.375831466567888, 7.463302362340195 ], [ -75.375355540682634, 7.466551202231131 ], [ -75.372236586726672, 7.473937501062423 ], [ -75.372924181330561, 7.479962734744747 ], [ -75.383413341930677, 7.496206560468655 ], [ -75.389497129606838, 7.51729767617008 ], [ -75.396334483255245, 7.529203525626937 ], [ -75.417936653482883, 7.544875917877069 ], [ -75.419881290853638, 7.546939376564176 ], [ -75.43524922964059, 7.570890984930461 ], [ -75.436155313634046, 7.573521841311477 ], [ -75.437456884384261, 7.583786990872049 ], [ -75.454580523689486, 7.6128566983784 ], [ -75.45827930258973, 7.644807964060605 ], [ -75.463609047260562, 7.66504813734093 ], [ -75.463128702446184, 7.71334566363277 ], [ -75.467917197905308, 7.725665464662917 ], [ -75.476376707689127, 7.771718264120081 ], [ -75.483434488338759, 7.781931457283739 ], [ -75.495491544383484, 7.797088439675561 ], [ -75.497090063931381, 7.801051322173812 ], [ -75.495588369199652, 7.814641540661989 ], [ -75.493786004906411, 7.839954792335331 ], [ -75.490718576278596, 7.848136863323306 ], [ -75.492989922421415, 7.856741227737952 ], [ -75.495808145861105, 7.872604361386252 ], [ -75.498055825249821, 7.881396249918114 ], [ -75.498368078403345, 7.890183212150711 ], [ -75.503703235447659, 7.905415771516717 ], [ -75.503709561191712, 7.908010052939047 ], [ -75.502124130074236, 7.917158602967002 ], [ -75.502702883316758, 7.922548209163332 ], [ -75.502555853344276, 7.928743729527244 ], [ -75.504063419598808, 7.933599542556667 ], [ -75.523488507784364, 7.92723112230401 ], [ -75.526292100337557, 7.927071824583576 ], [ -75.530592452545477, 7.927911445819789 ], [ -75.532628462081249, 7.928966552988124 ], [ -75.553297535611335, 7.943868070372591 ], [ -75.575739929095576, 7.957421998159311 ], [ -75.641586760826186, 7.980460184210405 ], [ -75.719243967447696, 8.008487828538941 ], [ -75.854240416050217, 8.058655040116697 ], [ -75.885930452916782, 8.062031988171602 ], [ -75.902411118537046, 8.064664431620905 ], [ -75.919327893785464, 8.063222129770329 ], [ -75.924034338366837, 8.064710096928506 ], [ -75.935460556563129, 8.069558197914128 ], [ -75.988866256919607, 8.076282183055824 ], [ -76.033967631426677, 8.073566928293841 ], [ -76.055713192564781, 8.071495250650187 ], [ -76.063768454810216, 8.068031024991873 ], [ -76.082774496290881, 8.062767165070088 ], [ -76.152708986068447, 8.020666520668675 ], [ -76.156777264410323, 8.019920156503169 ], [ -76.170079738194445, 8.022398921571178 ], [ -76.190815469424379, 8.022487068792154 ], [ -76.195641944476208, 8.012737546644095 ], [ -76.198268065276679, 8.010552196826058 ], [ -76.201575451811863, 8.009424124668204 ], [ -76.206087248786233, 8.009914422836848 ], [ -76.209761841246859, 8.012356742797568 ], [ -76.211881864919718, 8.016405458796516 ], [ -76.212100156477703, 8.018883892526551 ], [ -76.211700241091506, 8.021117586007595 ], [ -76.213414978031238, 8.022612924032332 ], [ -76.232126884573233, 8.021047989519792 ], [ -76.292887167375014, 8.021319116616379 ], [ -76.297935499208862, 8.020987515289381 ], [ -76.387743243418925, 8.022569842659506 ], [ -76.39805817845172, 8.022413833052505 ], [ -76.404593271979962, 8.022152530061103 ], [ -76.426452954967345, 8.018721612848474 ], [ -76.436527427124417, 8.016067197833147 ], [ -76.439536673822289, 8.015932443895553 ] ], [ [ -75.565294218651758, 7.973253954536832 ], [ -75.565426344871142, 7.973225235445883 ], [ -75.565162093302277, 7.973282672681783 ], [ -75.565294218651758, 7.973253954536832 ] ], [ [ -74.830711079139704, 7.280373421610611 ], [ -74.830688859442532, 7.280445922836544 ], [ -74.830713021822405, 7.280367083175284 ], [ -74.830711079139704, 7.280373421610611 ] ], [ [ -75.432186819545549, 7.611529172164688 ], [ -75.439743317968407, 7.651985650886296 ], [ -75.444660884402467, 7.677485138857445 ], [ -75.44476107408515, 7.669823100824748 ], [ -75.439682608643182, 7.647864959773464 ], [ -75.4364828628119, 7.618743821843198 ], [ -75.432186819545549, 7.611529172164688 ] ], [ [ -75.475841115501197, 7.804086439911462 ], [ -75.472270123673027, 7.799047437321017 ], [ -75.47577373526984, 7.812399640219848 ], [ -75.475841115501197, 7.804086439911462 ] ], [ [ -74.809036797909158, 7.234049395547959 ], [ -74.808812721945259, 7.233541469697799 ], [ -74.809042993079331, 7.234063438783005 ], [ -74.809036797909158, 7.234049395547959 ] ] ], [ [ [ -76.528737618358505, 8.225305544196598 ], [ -76.526500069684246, 8.228539793206037 ], [ -76.512950701699737, 8.241064362575672 ], [ -76.506382020347331, 8.252976206838007 ], [ -76.495996686019225, 8.2743179598342 ], [ -76.494136205761677, 8.276604354544647 ], [ -76.491750207699141, 8.27812511579274 ], [ -76.477739036234695, 8.284230657680396 ], [ -76.471301591284728, 8.290505933826971 ], [ -76.464606335120536, 8.296122706873799 ], [ -76.4625630142082, 8.297314150263604 ], [ -76.459689423906568, 8.297999693513667 ], [ -76.456747097915212, 8.297728786175588 ], [ -76.454554234162984, 8.296839347451819 ], [ -76.452258911212752, 8.294985828252607 ], [ -76.450683570034911, 8.292495755715752 ], [ -76.449995414621029, 8.289633437884552 ], [ -76.450267468755044, 8.286702690010763 ], [ -76.451813645546068, 8.28353199784892 ], [ -76.467493503910958, 8.2691380348917 ], [ -76.481410616109514, 8.262909705595622 ], [ -76.490160333775265, 8.244891578259178 ], [ -76.498138319551671, 8.230461762327915 ], [ -76.51410848965844, 8.2153475221719 ], [ -76.51502334043829, 8.215916085527702 ], [ -76.515026771791355, 8.216820376504746 ], [ -76.51734649083393, 8.218193310700999 ], [ -76.518046900617477, 8.219235102961246 ], [ -76.517983700251108, 8.220910030028183 ], [ -76.519118725650699, 8.221783427549452 ], [ -76.519529821942214, 8.223533338073699 ], [ -76.520375070969536, 8.223630719602047 ], [ -76.521909532183173, 8.22197037834373 ], [ -76.522937768298149, 8.22150860222896 ], [ -76.527075088195289, 8.222426688282004 ], [ -76.528737618358505, 8.225305544196598 ] ] ], [ [ [ -75.918597476811186, 2.47219633903553 ], [ -75.898070418917499, 2.470963085267804 ], [ -75.865173083732614, 2.484460859287636 ], [ -75.853970637835872, 2.492839525554177 ], [ -75.851666969963873, 2.493997874934255 ], [ -75.775405364323433, 2.514494224409776 ], [ -75.738477447864, 2.534460933346403 ], [ -75.73927682262763, 2.532707102508872 ], [ -75.73847744248215, 2.534460938782096 ], [ -75.714076377366908, 2.547847094640007 ], [ -75.653743611385764, 2.585494964736073 ], [ -75.612086209678324, 2.623457116939448 ], [ -75.576936003407042, 2.652475447857571 ], [ -75.570769334073518, 2.65613095230362 ], [ -75.535784597887272, 2.698424434211186 ], [ -75.53365474231444, 2.700309118777509 ], [ -75.508616333776118, 2.708317721897006 ], [ -75.47836306496832, 2.721384531804744 ], [ -75.450255470389607, 2.724399101708429 ], [ -75.447685707033145, 2.724073039427224 ], [ -75.441618610373496, 2.721893721276692 ], [ -75.441256484921922, 2.728899570404527 ], [ -75.441409709193422, 2.75978675742209 ], [ -75.438248943642421, 2.796961818783877 ], [ -75.43645150394434, 2.810904734587033 ], [ -75.39316703962848, 2.882620801909242 ], [ -75.357441652656718, 2.934150609020629 ], [ -75.341405823756745, 3.029665426918997 ], [ -75.31986836886054, 3.103852223208857 ], [ -75.308033795675257, 3.136084673377359 ], [ -75.292990854143682, 3.162004431060259 ], [ -75.289894365678336, 3.173845332580383 ], [ -75.289309587299115, 3.197583778702939 ], [ -75.236994905683218, 3.366528721353299 ], [ -75.192613578484284, 3.460125966953407 ], [ -75.166197068160798, 3.537357986036752 ], [ -75.154456530463591, 3.578344161635328 ], [ -75.148486570505668, 3.604407960003464 ], [ -75.151528611774097, 3.630866850940967 ], [ -75.159267007809802, 3.643048753130278 ], [ -75.19541148008274, 3.683125650452484 ], [ -75.214167833619271, 3.698476482305947 ], [ -75.243196986379971, 3.733091581640907 ], [ -75.260038103682604, 3.76372404030829 ], [ -75.272001646537845, 3.795936358861165 ], [ -75.27640627404422, 3.801486526028639 ], [ -75.284630959358935, 3.814569172157614 ], [ -75.287589070619362, 3.824851393383909 ], [ -75.290500984559827, 3.826662729520964 ], [ -75.292382681022673, 3.828718016950821 ], [ -75.296002465472725, 3.836687450175129 ], [ -75.299977738981184, 3.843747694437138 ], [ -75.307452403514432, 3.869648308021868 ], [ -75.307252791010185, 3.891929612955586 ], [ -75.303504693098958, 3.920352471657303 ], [ -75.304256878483017, 3.932941202901734 ], [ -75.293766357995224, 3.971165389980454 ], [ -75.29224081430975, 3.975863862411595 ], [ -75.290136847538562, 3.979911623004952 ], [ -75.274124971958841, 4.006719106941266 ], [ -75.261475838977361, 4.056557011789652 ], [ -75.249258755684252, 4.077607159882217 ], [ -75.250774471994902, 4.091624187737865 ], [ -75.26175369446257, 4.106422373479649 ], [ -75.279552812951266, 4.121984895952716 ], [ -75.2815066985155, 4.124596551662671 ], [ -75.2921461444394, 4.160583156076729 ], [ -75.29223813795052, 4.164820951978427 ], [ -75.278225426556403, 4.21732792037781 ], [ -75.261154530206227, 4.245256333252522 ], [ -75.226106213497062, 4.296337368379151 ], [ -75.220385551700204, 4.313858213282023 ], [ -75.20063536131444, 4.379001126289126 ], [ -75.198800422061709, 4.385268610508475 ], [ -75.197232236922531, 4.393593303006974 ], [ -75.193464765730369, 4.399382914534026 ], [ -75.18878359353522, 4.403516033375745 ], [ -75.185332519772643, 4.405890272199415 ], [ -75.18812850380553, 4.411790042564562 ], [ -75.1883413816673, 4.417850147725447 ], [ -75.187290207592739, 4.421786234249076 ], [ -75.186039027205211, 4.431780721549659 ], [ -75.184474836116138, 4.435158536844151 ], [ -75.181282452052457, 4.438818930652106 ], [ -75.176394896597657, 4.441317692456639 ], [ -75.173783832318719, 4.444418681410384 ], [ -75.171422835017012, 4.446020261120252 ], [ -75.158543431958762, 4.450611860311115 ], [ -75.148549170874745, 4.45299124128799 ], [ -75.145030734429028, 4.454865545639116 ], [ -75.135993901357949, 4.457481528100247 ], [ -75.128401241953, 4.461207764703377 ], [ -75.124269351695489, 4.464834431129415 ], [ -75.107984882725987, 4.476318938701236 ], [ -75.105335993621409, 4.477011724406187 ], [ -75.06467023070924, 4.481286968220058 ], [ -75.053181363422723, 4.488640919674059 ], [ -75.049165742550798, 4.490388545781245 ], [ -75.017380593423013, 4.509160272557012 ], [ -75.015156204423789, 4.510094408812507 ], [ -75.011906027247747, 4.510357548974969 ], [ -74.979982644817781, 4.506194074828147 ], [ -74.958033143899357, 4.503865509775059 ], [ -74.921607681254571, 4.513881919275366 ], [ -74.911441264217885, 4.513648216796229 ], [ -74.883300089441988, 4.536696378650307 ], [ -74.865097828867803, 4.545898180613703 ], [ -74.850885592011778, 4.549418895573216 ], [ -74.848355905553717, 4.549597900233011 ], [ -74.791112322996909, 4.545425681889585 ], [ -74.774343711062798, 4.545334543099301 ], [ -74.758661349293888, 4.5549699703815 ], [ -74.718944429788181, 4.564838103642676 ], [ -74.701906928283577, 4.56538747623828 ], [ -74.691847743333412, 4.566490559287709 ], [ -74.668698822243286, 4.567708052805068 ], [ -74.650943049098473, 4.570088026792267 ], [ -74.640916537023244, 4.569737230584199 ], [ -74.614412657778672, 4.578032279675383 ], [ -74.592588286069557, 4.578664733054207 ], [ -74.566542535769997, 4.588300478906417 ], [ -74.560045549768844, 4.593453344255375 ], [ -74.551999654808839, 4.598529957830817 ], [ -74.548913807284677, 4.599022598074059 ], [ -74.536058130453426, 4.598182164927586 ], [ -74.519341652226032, 4.603401948949903 ], [ -74.512541611232621, 4.60626080165799 ], [ -74.504451748415505, 4.614339922625239 ], [ -74.493173600217361, 4.624511159175506 ], [ -74.492073808241443, 4.6241571570959 ], [ -74.49220434771793, 4.623604379085143 ], [ -74.491472388828456, 4.623046702949223 ], [ -74.490728813242086, 4.620628518658478 ], [ -74.486921042171574, 4.618017369796314 ], [ -74.483169719114585, 4.6188367417072 ], [ -74.481209405034917, 4.619442502921398 ], [ -74.480252613661307, 4.620297841770129 ], [ -74.477607096261721, 4.620842912379612 ], [ -74.477280148768159, 4.622083507114036 ], [ -74.475035204840907, 4.621875807960661 ], [ -74.473077548236432, 4.623016878107623 ], [ -74.471877196853612, 4.622971442345466 ], [ -74.471310906856885, 4.624099700796045 ], [ -74.468563608445521, 4.626315483101838 ], [ -74.470019988801667, 4.626079091579865 ], [ -74.470779274463567, 4.627225492181389 ], [ -74.471469710390451, 4.627353959106158 ], [ -74.471680756409384, 4.62680874232096 ], [ -74.474651023281893, 4.626736409647846 ], [ -74.4754597034988, 4.628137135014703 ], [ -74.475539962092839, 4.629965524480308 ], [ -74.476147254411046, 4.63069065245359 ], [ -74.475869903424297, 4.631471851159781 ], [ -74.479263613490517, 4.637287935045165 ], [ -74.478993903974313, 4.636991210557822 ], [ -74.47504306456517, 4.639584516962869 ], [ -74.452900061380092, 4.655834264741811 ], [ -74.450152608341511, 4.656873488219026 ], [ -74.436335288235483, 4.658442962301684 ], [ -74.430197254925645, 4.659687078309092 ], [ -74.422910744206078, 4.659652527357196 ], [ -74.407166746700653, 4.662874606293836 ], [ -74.402741429219745, 4.666223757389786 ], [ -74.388864036792981, 4.675213792242399 ], [ -74.374996926418021, 4.682006174212175 ], [ -74.354036427213956, 4.684040798125854 ], [ -74.346690367251426, 4.685621978180159 ], [ -74.327253361114614, 4.688197486614984 ], [ -74.324356051391618, 4.687718605593388 ], [ -74.320124834381943, 4.686011022413465 ], [ -74.311112252622493, 4.681591375697516 ], [ -74.297638885985435, 4.679782649340945 ], [ -74.281558356219335, 4.679022227384006 ], [ -74.273127868857387, 4.682894056142269 ], [ -74.261433659420376, 4.70056166360544 ], [ -74.249250173863643, 4.710472086496047 ], [ -74.246920620447156, 4.717322919261608 ], [ -74.242326132881288, 4.724671018633288 ], [ -74.234760380354345, 4.739060843411877 ], [ -74.232617517338156, 4.741075286729886 ], [ -74.221307384850434, 4.748549774498099 ], [ -74.207725354637546, 4.766018111946996 ], [ -74.221678966474059, 4.771014233798847 ], [ -74.230380790309297, 4.776797863572974 ], [ -74.248262442631443, 4.789138025138494 ], [ -74.258431624813795, 4.797415432275288 ], [ -74.285604680489286, 4.82194751270086 ], [ -74.305085479480994, 4.832290275752078 ], [ -74.308376059280462, 4.836666369170988 ], [ -74.314203461097392, 4.842657033531657 ], [ -74.318553308959068, 4.847917418944405 ], [ -74.4216496579091, 4.944856968972349 ], [ -74.454225126681521, 4.990526249728891 ], [ -74.453085589458922, 4.991216134098053 ], [ -74.454225132110309, 4.990526256954758 ], [ -74.467070686621881, 5.008316612996455 ], [ -74.463155558164104, 5.012859124170257 ], [ -74.463246821839917, 5.016690963714985 ], [ -74.460224534103929, 5.022905699864205 ], [ -74.457995871797991, 5.024450482534211 ], [ -74.458157095089504, 5.026809056745355 ], [ -74.408289083709974, 4.957066417084985 ], [ -74.305789991136692, 4.860704668873466 ], [ -74.300769162098661, 4.854726768676852 ], [ -74.294591484875255, 4.848411676366127 ], [ -74.293060353418682, 4.84621046213273 ], [ -74.275052155849579, 4.836693269720088 ], [ -74.246897927722785, 4.811318990098912 ], [ -74.23751746431833, 4.803669298815072 ], [ -74.213744719787556, 4.787338082871726 ], [ -74.191207082755042, 4.779383456951514 ], [ -74.183349368969701, 4.778555842016544 ], [ -74.181624109913372, 4.777909289984052 ], [ -74.182860063671527, 4.77365051601715 ], [ -74.180571738746906, 4.771859896885811 ], [ -74.179529992582516, 4.772490955252491 ], [ -74.179016865994512, 4.772265889185395 ], [ -74.178599108325926, 4.771173677772528 ], [ -74.178181779686199, 4.771109246449735 ], [ -74.177463667020419, 4.768602142490628 ], [ -74.178291738417599, 4.766407105319109 ], [ -74.176251402872268, 4.764536152674338 ], [ -74.176490480230896, 4.763850468262388 ], [ -74.177396629422276, 4.76247430694481 ], [ -74.184045968085385, 4.759796586514236 ], [ -74.190232310834475, 4.759110095474316 ], [ -74.208727673794343, 4.735434145773371 ], [ -74.220661621244858, 4.727284076734623 ], [ -74.226703135412492, 4.715629941959051 ], [ -74.230622567698433, 4.709433589992608 ], [ -74.234078058592033, 4.69983203266301 ], [ -74.235629049241638, 4.698056806450136 ], [ -74.24797008413492, 4.688317749536785 ], [ -74.260161905442132, 4.669835339596371 ], [ -74.262951271247729, 4.667686641507148 ], [ -74.276949951393192, 4.661274668130406 ], [ -74.279846854989415, 4.660793926873063 ], [ -74.298911258487323, 4.661723693764732 ], [ -74.315465933487403, 4.663921493540201 ], [ -74.32854665037452, 4.669922273557086 ], [ -74.343986857337342, 4.667735738336434 ], [ -74.351504835279314, 4.666115215599484 ], [ -74.369558142844568, 4.66461216773065 ], [ -74.379861294896429, 4.65953251238735 ], [ -74.400510931621625, 4.645807175825465 ], [ -74.420850271874613, 4.641626587744898 ], [ -74.428181578813081, 4.641662013644705 ], [ -74.433676284366086, 4.640551637751232 ], [ -74.444752585594259, 4.639281594459246 ], [ -74.471786353757892, 4.620095065031462 ], [ -74.473731326795061, 4.61749983807362 ], [ -74.476747132213688, 4.615652446310886 ], [ -74.479806967331356, 4.612270549871938 ], [ -74.492067997555125, 4.601195816297921 ], [ -74.501284489243261, 4.592000549931986 ], [ -74.503549931476513, 4.590449528827148 ], [ -74.513405227826169, 4.586318887489067 ], [ -74.533126223351474, 4.58024238989396 ], [ -74.546633656683738, 4.580730541081701 ], [ -74.558271497904073, 4.572103780518626 ], [ -74.588317823764839, 4.561024496729602 ], [ -74.590704703265558, 4.560627298862877 ], [ -74.61121814692396, 4.560173963115721 ], [ -74.638785151024493, 4.551645694093708 ], [ -74.649905099173452, 4.552000466825016 ], [ -74.667235595599735, 4.549679361118176 ], [ -74.690574743337905, 4.548449127838226 ], [ -74.701003607823495, 4.547309882717931 ], [ -74.715988675320304, 4.54696377477473 ], [ -74.752163794717305, 4.537988605465129 ], [ -74.767291127563098, 4.528419086621033 ], [ -74.770873264452405, 4.52723613016386 ], [ -74.791739454607111, 4.527340820364834 ], [ -74.848234637373594, 4.531459018419159 ], [ -74.858664242840959, 4.528939364134192 ], [ -74.873730337631955, 4.521299251094341 ], [ -74.902724413304938, 4.497424518191767 ], [ -74.905525013822484, 4.495865836924697 ], [ -74.908485180805528, 4.495385330595825 ], [ -74.918720469928473, 4.49593684515298 ], [ -74.956825897811854, 4.485677003024366 ], [ -74.982138549826416, 4.488239759419399 ], [ -75.010929998815215, 4.491985950567835 ], [ -75.040656662377771, 4.474436897434197 ], [ -75.044506720438093, 4.472754638222749 ], [ -75.058099064192803, 4.464193780342111 ], [ -75.060589337476273, 4.463522711429051 ], [ -75.101119865407696, 4.459267510164501 ], [ -75.11327332680942, 4.450503916906735 ], [ -75.119210783956703, 4.445583667960327 ], [ -75.129296985307178, 4.440654615107708 ], [ -75.13838947240464, 4.437996193953031 ], [ -75.142019654555426, 4.436043822096551 ], [ -75.153576992425457, 4.433223001915715 ], [ -75.162273619180326, 4.430084419781918 ], [ -75.165273822678046, 4.426753306214072 ], [ -75.168777348715153, 4.424917670911738 ], [ -75.170044807793431, 4.416034764535986 ], [ -75.165842244586599, 4.411775596828966 ], [ -75.16430333104897, 4.409204903793193 ], [ -75.163445077426204, 4.404388227727162 ], [ -75.164094726925541, 4.400772499513158 ], [ -75.165280395621124, 4.398676038450027 ], [ -75.167718419344936, 4.395972812281523 ], [ -75.177697021766306, 4.389241414119727 ], [ -75.180179322875361, 4.387064425812548 ], [ -75.18124797292127, 4.38114010957695 ], [ -75.183392715055959, 4.373760749448428 ], [ -75.203209783157348, 4.308405419308645 ], [ -75.209742191399343, 4.2883558564751 ], [ -75.246105472286018, 4.235307782486387 ], [ -75.261842295630686, 4.209574236866676 ], [ -75.274092034077768, 4.163042756701797 ], [ -75.265530900733054, 4.133707834642005 ], [ -75.248497177141189, 4.118727176658799 ], [ -75.233875117331479, 4.09883052631016 ], [ -75.233037631349617, 4.095963319971499 ], [ -75.23102588188533, 4.075044455026146 ], [ -75.232129181122261, 4.071219562996016 ], [ -75.244585473265744, 4.050033615605206 ], [ -75.257448051426778, 3.999654180449426 ], [ -75.274512048407942, 3.970914126151635 ], [ -75.276463389846498, 3.96616129186523 ], [ -75.286244502715419, 3.930875209518207 ], [ -75.285472477507355, 3.919651615526083 ], [ -75.289293488933197, 3.890471837761947 ], [ -75.289451345603382, 3.871374589993516 ], [ -75.283467788906165, 3.851119446629732 ], [ -75.284276904714943, 3.850956600963519 ], [ -75.283467788001005, 3.851119444823498 ], [ -75.279918875492086, 3.844839698899494 ], [ -75.277848416819182, 3.840079863513731 ], [ -75.274373516739828, 3.837907500424119 ], [ -75.272407398588641, 3.835608248582908 ], [ -75.269627535052848, 3.827897023573895 ], [ -75.268375151156718, 3.822614213130156 ], [ -75.261607671825374, 3.811810348757189 ], [ -75.256224965764659, 3.804829585128875 ], [ -75.251095372496195, 3.791034460369385 ], [ -75.25146629026942, 3.790754056569814 ], [ -75.251095369781268, 3.791034454950342 ], [ -75.243655657373679, 3.771298293445001 ], [ -75.228032154646826, 3.742892703424581 ], [ -75.20130209100067, 3.711171655508162 ], [ -75.182896268852403, 3.696158072612797 ], [ -75.145479792841343, 3.654694487948917 ], [ -75.135172320726184, 3.63873849569869 ], [ -75.134108176661954, 3.636078945228995 ], [ -75.133288865273926, 3.630349152388352 ], [ -75.130447143462959, 3.602828502060103 ], [ -75.137070137641686, 3.573626269781977 ], [ -75.148928369883492, 3.532246039590778 ], [ -75.17585744634205, 3.453493171899293 ], [ -75.216628762682817, 3.367823668261893 ], [ -75.221012745060392, 3.357594918197895 ], [ -75.271686123482255, 3.193616754678477 ], [ -75.271990923074696, 3.171591537523598 ], [ -75.2761349452052, 3.155489865528488 ], [ -75.291714153277127, 3.128399578708196 ], [ -75.302729348040501, 3.098353036127459 ], [ -75.323842180214456, 3.025689825706462 ], [ -75.340487038385191, 2.927437511362549 ], [ -75.37812027946697, 2.872715205835678 ], [ -75.419282101442661, 2.80472046013421 ], [ -75.423441197585305, 2.758888872176458 ], [ -75.423324543734665, 2.724874793913182 ], [ -75.42440727337079, 2.710913675656046 ], [ -75.423966467938385, 2.707243659937822 ], [ -75.425005604857844, 2.703719318232386 ], [ -75.427357325384108, 2.700897964567964 ], [ -75.430871731193974, 2.699194793891508 ], [ -75.434775857286368, 2.699148690538446 ], [ -75.437594206481705, 2.700119503691108 ], [ -75.44213775414201, 2.702859229044777 ], [ -75.451229803574236, 2.706150958078084 ], [ -75.473985240081475, 2.70372969118166 ], [ -75.502231772188907, 2.691403017681327 ], [ -75.523642043481175, 2.684815616072706 ], [ -75.55870380541603, 2.642540976765248 ], [ -75.566292047301673, 2.637874984402189 ], [ -75.600423601033626, 2.609694783768064 ], [ -75.641897210055134, 2.571887093735353 ], [ -75.645751036424585, 2.568846381021756 ], [ -75.706170792586022, 2.531553048315132 ], [ -75.76813833685199, 2.497882331019603 ], [ -75.844901488030473, 2.477116409968371 ], [ -75.856874743736526, 2.468360174873764 ], [ -75.893770023031379, 2.453250435564367 ], [ -75.896965477288035, 2.452787056471089 ], [ -75.923489862420865, 2.454587802760904 ], [ -75.977642871212439, 2.482552424090975 ], [ -75.998690654047735, 2.483535704377299 ], [ -75.998670407639352, 2.501631787852604 ], [ -75.976481907510461, 2.500594408578775 ], [ -75.972334319745215, 2.500032997017954 ], [ -75.918597476811186, 2.47219633903553 ] ], [ [ -75.162646264301259, 3.542237765618012 ], [ -75.162933137810143, 3.54301048332146 ], [ -75.163332627711355, 3.543891249997157 ], [ -75.163275790602469, 3.543642170144172 ], [ -75.162646264301259, 3.542237765618012 ] ] ], [ [ [ -75.800453959631128, 4.959053937142581 ], [ -75.801684004943809, 4.955472524562341 ], [ -75.802078547806033, 4.955192917888935 ], [ -75.801511984125241, 4.956062643910129 ], [ -75.801637888821929, 4.957867698192399 ], [ -75.800453959631128, 4.959053937142581 ] ] ], [ [ [ -75.610034663429317, 5.730795708057337 ], [ -75.610381499209836, 5.733462099251647 ], [ -75.609375256506311, 5.734584887576919 ], [ -75.609261285869906, 5.735397063390129 ], [ -75.608076424150042, 5.736289448896627 ], [ -75.607831209649518, 5.737336123396128 ], [ -75.608142847026485, 5.739637347419077 ], [ -75.609271856836827, 5.740298154820064 ], [ -75.608352478704973, 5.743929187836367 ], [ -75.609691347146352, 5.745179523135291 ], [ -75.612018687731364, 5.745095933290892 ], [ -75.612034303121561, 5.746443567109465 ], [ -75.61317635095466, 5.748227371255388 ], [ -75.613352080401199, 5.749410849984421 ], [ -75.61427890938252, 5.750048095002473 ], [ -75.612130845045982, 5.753699400307204 ], [ -75.610722518677264, 5.754700333327915 ], [ -75.610686104677427, 5.755893973822515 ], [ -75.612372984878647, 5.756378538749636 ], [ -75.612593996847991, 5.756864504313868 ], [ -75.613105471989599, 5.75628326275539 ], [ -75.613869753849954, 5.75650788023785 ], [ -75.615203660794876, 5.758649291499109 ], [ -75.613429249839328, 5.760354736088651 ], [ -75.615464454904071, 5.761791133243523 ], [ -75.61607081241344, 5.762856064367327 ], [ -75.617497054045046, 5.763002907779432 ], [ -75.618237840169272, 5.763919449443673 ], [ -75.618850380028022, 5.763661013094765 ], [ -75.617952923176759, 5.766023119000134 ], [ -75.618107335394541, 5.767263818666905 ], [ -75.61976707333092, 5.769771548322524 ], [ -75.618941912967387, 5.771522096216225 ], [ -75.618965413751425, 5.77353869065045 ], [ -75.618244576115629, 5.7695436733798 ], [ -75.607354993007675, 5.817738007482578 ], [ -75.60718087796738, 5.8211040442557 ], [ -75.604330642892208, 5.829701354677613 ], [ -75.602818680251659, 5.831617653323226 ], [ -75.517374446969583, 5.914594191453303 ], [ -75.504386168901149, 5.934393408946138 ], [ -75.50155956070131, 5.937146956267865 ], [ -75.495210238572056, 5.947200020892518 ], [ -75.478668449534695, 5.969454700230489 ], [ -75.472403219815476, 5.977096332068408 ], [ -75.463495778638176, 5.984050123364296 ], [ -75.464629457664969, 5.983172469046873 ], [ -75.475737586051267, 5.988005446850254 ], [ -75.513299418880678, 6.013331252273016 ], [ -75.564151299405296, 6.051998626550627 ], [ -75.590072689803861, 6.072949553975482 ], [ -75.607042625023283, 6.090493756599278 ], [ -75.608946016966854, 6.08383694051151 ], [ -75.610118996878654, 6.087139361978862 ], [ -75.609917217802092, 6.087724787254523 ], [ -75.608593508381304, 6.08793321417442 ], [ -75.609289928379766, 6.08907952416737 ], [ -75.607887244245589, 6.089599997201087 ], [ -75.607834361587322, 6.09007662046477 ], [ -75.607261879146051, 6.089782876182214 ], [ -75.60638504507952, 6.093042428168301 ], [ -75.606453105687038, 6.096383514730309 ], [ -75.607134550459762, 6.097049040682787 ], [ -75.60700269994723, 6.098152347921451 ], [ -75.60783744879231, 6.099181815307061 ], [ -75.607182880598856, 6.100979629828709 ], [ -75.604185379349104, 6.103599925801318 ], [ -75.604542077755383, 6.10544906625721 ], [ -75.603837415929334, 6.107652552216799 ], [ -75.605465136870521, 6.107290711070731 ], [ -75.606419344921278, 6.10780679850741 ], [ -75.607516477829307, 6.109848756254554 ], [ -75.604955591592415, 6.11472563704275 ], [ -75.57820652524056, 6.086592472042655 ], [ -75.55303238893103, 6.06624577015508 ], [ -75.502651225361475, 6.027935719298047 ], [ -75.466866672072442, 6.003792983496385 ], [ -75.455338834699361, 5.998872260105442 ], [ -75.444168608848869, 5.999493181666904 ], [ -75.441703298618222, 6.000840379760384 ], [ -75.408717642939067, 6.02582227234304 ], [ -75.348133604641376, 6.072520940643733 ], [ -75.285269896111231, 6.113099826348151 ], [ -75.180002739928383, 6.183335814992232 ], [ -75.173934793973586, 6.192814132582498 ], [ -75.165752520744732, 6.202730548199741 ], [ -75.153182893763613, 6.220945799664252 ], [ -75.151313363627935, 6.219310858217016 ], [ -75.150296272809868, 6.215024068625213 ], [ -75.150042682148666, 6.214456118015784 ], [ -75.149602343035312, 6.214772334233801 ], [ -75.148848946934137, 6.216351502950551 ], [ -75.149420471940871, 6.218368790468254 ], [ -75.149169762020136, 6.218936585249839 ], [ -75.148349861811525, 6.218938240837796 ], [ -75.14791231425535, 6.220642244163349 ], [ -75.149615707053968, 6.221396023922879 ], [ -75.150686445948523, 6.220888677108328 ], [ -75.15150716926594, 6.222556628677516 ], [ -75.149664639101971, 6.224327790040528 ], [ -75.147100244675158, 6.224239975305887 ], [ -75.147920834123028, 6.224868970833557 ], [ -75.146976135376605, 6.225122835572419 ], [ -75.146347087223745, 6.225944613759342 ], [ -75.147828017662633, 6.226362455987843 ], [ -75.143177719950586, 6.23436841477479 ], [ -75.1280860347876, 6.250307090125951 ], [ -75.121414925523766, 6.259713823829823 ], [ -75.113501441130708, 6.275481423729492 ], [ -75.113494622245241, 6.278939593962791 ], [ -75.112463152474291, 6.281698370446158 ], [ -75.107197220288228, 6.289755295516184 ], [ -75.101920745754299, 6.295446127091187 ], [ -75.096093168100225, 6.299536553463634 ], [ -75.076095624869822, 6.310139511139118 ], [ -75.072258190499312, 6.312845524061507 ], [ -75.061699763670205, 6.317445642035699 ], [ -75.049460282904832, 6.328670400992003 ], [ -75.043483935616493, 6.332205901014933 ], [ -75.036715072216225, 6.338889515322617 ], [ -75.034601210539108, 6.339937340124826 ], [ -75.027009466876052, 6.341855139162317 ], [ -75.013749874388381, 6.349670276984818 ], [ -75.009978319249797, 6.354904839926499 ], [ -75.007820082296462, 6.356315675115102 ], [ -75.005384674169349, 6.357054730884284 ], [ -75.001589869745459, 6.356831603043267 ], [ -74.997821757948373, 6.354948957157355 ], [ -74.995805298621647, 6.352802638676496 ], [ -74.994527941562893, 6.349876929721955 ], [ -74.988869567391404, 6.345837579902244 ], [ -74.978530992412487, 6.335170526996654 ], [ -74.976750840476754, 6.335809431563069 ], [ -74.977087291696989, 6.33556539301039 ], [ -74.976212092560573, 6.334727169490666 ], [ -74.975304101966813, 6.33518307088754 ], [ -74.975127266606805, 6.33416959801199 ], [ -74.975931128556724, 6.333922961403078 ], [ -74.974566972753848, 6.333506010923866 ], [ -74.972885820042421, 6.331689290622613 ], [ -74.972849361453328, 6.3308507541681 ], [ -74.973268647834388, 6.33063981699405 ], [ -74.976872023669074, 6.332243006524567 ], [ -74.977221090308788, 6.331927083388358 ], [ -74.973722029758676, 6.330219736581857 ], [ -74.973301085397182, 6.329135476766317 ], [ -74.971655810635255, 6.327809195749137 ], [ -74.97185888695428, 6.324031748660409 ], [ -74.971332219714085, 6.322878726955374 ], [ -74.971715229727081, 6.321933229068582 ], [ -74.972501321335059, 6.321547619231348 ], [ -74.974320580790234, 6.322242957152431 ], [ -74.975528243132175, 6.323307780147321 ], [ -74.980742919230963, 6.323924912885318 ], [ -74.981755830991645, 6.323084557379063 ], [ -74.982193349151871, 6.321009905339007 ], [ -74.983647401962671, 6.320522535265371 ], [ -74.98510316418826, 6.320696314627436 ], [ -74.987004531360128, 6.323781810884879 ], [ -74.9861242758721, 6.324577862202121 ], [ -74.984402874336809, 6.323654105259523 ], [ -74.985598051333383, 6.326298924226269 ], [ -74.986081214061699, 6.325150942017188 ], [ -74.987669895292399, 6.326074929182168 ], [ -74.993050188253207, 6.326109597246657 ], [ -74.993574991648913, 6.323594012807377 ], [ -74.994148639773059, 6.323813392837454 ], [ -74.994283200036847, 6.325180681044537 ], [ -74.994989631994045, 6.325753571947527 ], [ -74.997017721741756, 6.325705928502642 ], [ -74.998426645028317, 6.324290713696924 ], [ -74.999572078999847, 6.323671613321752 ], [ -75.000013802194204, 6.324023448982475 ], [ -75.000056530745027, 6.323272931640059 ], [ -74.999218072763099, 6.323098103682511 ], [ -74.997983523396314, 6.323144358603254 ], [ -74.996970949357731, 6.324161047704789 ], [ -74.996177419056465, 6.324162445935593 ], [ -74.994851352697211, 6.322268325774509 ], [ -74.995554681440467, 6.321075875907469 ], [ -74.994540942334879, 6.321430274500468 ], [ -74.9941462432066, 6.322445875862928 ], [ -74.993244532293417, 6.322527200846207 ], [ -74.992028333778478, 6.321831374233488 ], [ -74.992207558680192, 6.323552334739269 ], [ -74.991061804156246, 6.323995109906935 ], [ -74.9898709975255, 6.32386496173409 ], [ -74.989999998343833, 6.322055311123808 ], [ -74.988900765675027, 6.32391073360534 ], [ -74.98766267402965, 6.321927156427407 ], [ -74.984969398921137, 6.319769795760573 ], [ -74.984702139914077, 6.318402732813354 ], [ -74.985471637060712, 6.316923111672089 ], [ -74.985469722893313, 6.315820052885046 ], [ -74.991378239381746, 6.315677523329704 ], [ -74.991768869759056, 6.315459491979917 ], [ -74.991419367610973, 6.314001385565997 ], [ -74.993357842512097, 6.313115321455588 ], [ -74.994239947316288, 6.313069698909939 ], [ -74.994991264145938, 6.314127364771003 ], [ -74.99543026691174, 6.312935381290207 ], [ -74.996223934619465, 6.313022139739418 ], [ -74.997196313402057, 6.314211645087188 ], [ -74.99931339372047, 6.314692764023607 ], [ -74.998650952266615, 6.314076851464244 ], [ -74.999586119797854, 6.312450552543344 ], [ -74.999128639814515, 6.30984008387243 ], [ -75.000278628748148, 6.311823789279732 ], [ -75.000631536766448, 6.311779087056853 ], [ -75.001024740683619, 6.309924890727341 ], [ -75.001908243730014, 6.31067377517331 ], [ -75.002038687081338, 6.309702717085085 ], [ -75.002834706130727, 6.310804369317731 ], [ -75.002345904242361, 6.308731345895962 ], [ -75.006084974272241, 6.303783572275975 ], [ -75.005858109467098, 6.302529603689152 ], [ -75.004605305604741, 6.302518130064521 ], [ -75.004262366224737, 6.304364324346776 ], [ -75.003512612572493, 6.304192732853854 ], [ -75.003164479097308, 6.30277949124106 ], [ -75.00146575091685, 6.303792873716389 ], [ -75.00126508814482, 6.304657817295734 ], [ -75.000196014913925, 6.303074054929259 ], [ -74.999302351216031, 6.302959218649441 ], [ -74.999275980430397, 6.304343739445808 ], [ -75.000172948411276, 6.306332412866345 ], [ -74.999625755158377, 6.306693905796089 ], [ -74.997895667664693, 6.306264092189518 ], [ -74.996885418898373, 6.305371891114619 ], [ -74.996752941626639, 6.305660529237795 ], [ -74.977481883706886, 6.30227384049895 ], [ -74.962348669487312, 6.302700306023111 ], [ -74.963815339472646, 6.300165590293184 ], [ -74.961425846362161, 6.301871701241564 ], [ -74.958483175482939, 6.300405141896189 ], [ -74.957757929348546, 6.299347368372841 ], [ -74.95680626660031, 6.298994082011006 ], [ -74.956194189826306, 6.299076482358365 ], [ -74.95609880392638, 6.300124332843991 ], [ -74.955390852347094, 6.300625068731921 ], [ -74.953472569550627, 6.300435013380628 ], [ -74.953374218751762, 6.299709590925083 ], [ -74.954212282791246, 6.299676543099666 ], [ -74.954678620089382, 6.298901579012752 ], [ -74.955629417898891, 6.298738369395353 ], [ -74.954548421222725, 6.29804623675034 ], [ -74.954288789139568, 6.29712781942006 ], [ -74.953838026411731, 6.297419037196435 ], [ -74.953872261309868, 6.298644113888968 ], [ -74.952036762719814, 6.299663226408462 ], [ -74.951502907338636, 6.298559912746168 ], [ -74.952485448206659, 6.298123146751204 ], [ -74.952387391136952, 6.297574035782058 ], [ -74.95016322769392, 6.297513320013236 ], [ -74.949971337975413, 6.298272001368462 ], [ -74.950568419756905, 6.299739960332105 ], [ -74.931432605969405, 6.282380235543393 ], [ -74.923340481043923, 6.276267140974974 ], [ -74.920884752666097, 6.274853646222502 ], [ -74.904966475842372, 6.268279589797858 ], [ -74.902416307799939, 6.268628865536078 ], [ -74.895292980889934, 6.26825608255716 ], [ -74.89184097253856, 6.267285300642004 ], [ -74.841163105205879, 6.234049488677326 ], [ -74.834818257071632, 6.231233606828555 ], [ -74.842276812805224, 6.237049089186401 ], [ -74.843902290531545, 6.238828268539613 ], [ -74.903109266184742, 6.324798558807404 ], [ -74.911520158392463, 6.339928140625338 ], [ -74.96473613730241, 6.320907794542007 ], [ -74.962538965763628, 6.321896871380866 ], [ -74.960793709137874, 6.323543126184304 ], [ -74.957438400448993, 6.323968093591667 ], [ -74.954993666985587, 6.32547650082027 ], [ -74.957337413964439, 6.326382361447336 ], [ -74.958491003238635, 6.326205236578895 ], [ -74.95903724845941, 6.325457074953147 ], [ -74.958767747962327, 6.324526428212315 ], [ -74.959326477805163, 6.324280233288233 ], [ -74.95988763399717, 6.325468251481309 ], [ -74.960934333302447, 6.324207445336307 ], [ -74.962123170869859, 6.324170393634621 ], [ -74.962226740415787, 6.323295450209562 ], [ -74.963521009275752, 6.323818794685004 ], [ -74.964222422064068, 6.325111676741501 ], [ -74.96457084434185, 6.324411496214446 ], [ -74.963904388676511, 6.323083518732804 ], [ -74.965899653630984, 6.324653355804428 ], [ -74.966247247559664, 6.324204704729178 ], [ -74.965056329961982, 6.322276865756717 ], [ -74.965789433746608, 6.321611063971817 ], [ -74.967574800643433, 6.322972168730824 ], [ -74.970408259412082, 6.324226364013217 ], [ -74.969680474980734, 6.32800471144941 ], [ -74.970492346582873, 6.332446101986365 ], [ -74.971770541631329, 6.333789971330869 ], [ -74.972959755256568, 6.333963107779116 ], [ -74.973099981732759, 6.33438216793175 ], [ -74.972194450966086, 6.336273403878789 ], [ -74.970063593819305, 6.337360909246134 ], [ -74.970005064256142, 6.338212926995645 ], [ -74.920490998783961, 6.355948880285062 ], [ -75.005056158834108, 6.508041538299592 ], [ -75.114397285817333, 6.689819761041216 ], [ -75.120011263614799, 6.700470716199082 ], [ -75.140721313186873, 6.73356140191126 ], [ -75.197321560994212, 6.820325674315266 ], [ -75.199975426315291, 6.825565148375393 ], [ -75.207668363929315, 6.835507931935505 ], [ -75.205313244600489, 6.835527586970433 ], [ -75.206151320446779, 6.839450991011257 ], [ -75.202339765755184, 6.840399575927223 ], [ -75.201804284690141, 6.841951222254034 ], [ -75.202541783397621, 6.843530892658065 ], [ -75.202471045054608, 6.845632072064536 ], [ -75.200625562453411, 6.84946936200399 ], [ -75.197747949244928, 6.850575753764261 ], [ -75.197835024875403, 6.853199392467621 ], [ -75.192235497098054, 6.844949423643822 ], [ -75.184814728149519, 6.835483986149294 ], [ -75.18163541472974, 6.829417778424636 ], [ -75.125477417041168, 6.743294773356897 ], [ -75.104388871099317, 6.709592427655451 ], [ -75.098757633592697, 6.69890534288248 ], [ -74.98934621103696, 6.516992958205732 ], [ -74.903193137290813, 6.362045667630309 ], [ -74.884587576155454, 6.366558968983839 ], [ -74.847884020115856, 6.373836469408394 ], [ -74.808707791488203, 6.399062706367302 ], [ -74.809079640961357, 6.404249826442381 ], [ -74.731934028053246, 6.404353950844376 ], [ -74.747850180622891, 6.398227002644374 ], [ -74.79080127615309, 6.387398863904814 ], [ -74.792313098464959, 6.348306768746055 ], [ -74.789438909668107, 6.326084560009328 ], [ -74.790146093262521, 6.304261926630628 ], [ -74.795789950901323, 6.274850959367835 ], [ -74.80040479774803, 6.228639081176875 ], [ -74.797978838317263, 6.22694743509166 ], [ -74.794571081716967, 6.222980677483512 ], [ -74.781936457261565, 6.21526035164108 ], [ -74.767202465029655, 6.218095571852142 ], [ -74.762367272597842, 6.219736384969504 ], [ -74.750503311709778, 6.221416052873402 ], [ -74.74552158118253, 6.220992406931822 ], [ -74.738943361730648, 6.219306401355198 ], [ -74.717409791212461, 6.216607044161684 ], [ -74.696212339699585, 6.219192489514156 ], [ -74.684649853609315, 6.221747424306552 ], [ -74.675376463432471, 6.220852094504377 ], [ -74.672988804480994, 6.222634993563349 ], [ -74.663290085249869, 6.227054757896428 ], [ -74.64707668789184, 6.229108517060496 ], [ -74.639447082218311, 6.23266561816983 ], [ -74.632536591284278, 6.234937062681693 ], [ -74.624437263402939, 6.240002710751778 ], [ -74.613701691672205, 6.248322648575551 ], [ -74.608625011645444, 6.253581802251757 ], [ -74.602882048393312, 6.257111934817088 ], [ -74.59893107650403, 6.264094682252397 ], [ -74.596789353144558, 6.266363346081473 ], [ -74.582226882617164, 6.273594412399269 ], [ -74.57888208929802, 6.275747140629294 ], [ -74.57550191825429, 6.282135508248583 ], [ -74.573128818777562, 6.284605570555734 ], [ -74.570502299192981, 6.285881713619267 ], [ -74.55493579181271, 6.289966568309696 ], [ -74.550681401243551, 6.289970208271493 ], [ -74.531565290928739, 6.284278725358944 ], [ -74.525683343035396, 6.28107025707902 ], [ -74.516579892231334, 6.274724946028264 ], [ -74.508901612161381, 6.273844390595009 ], [ -74.498157917843756, 6.268439984250729 ], [ -74.485133352640119, 6.265959871086291 ], [ -74.479294246845086, 6.266520441222003 ], [ -74.468339331613123, 6.269258374510601 ], [ -74.4613626335899, 6.268284944863407 ], [ -74.459183881826291, 6.269195048424931 ], [ -74.456626133420656, 6.272290456733056 ], [ -74.454643657040918, 6.273848975779271 ], [ -74.445659693216555, 6.277250990006363 ], [ -74.405953241903447, 6.280420853719392 ], [ -74.399407473271935, 6.279671766358605 ], [ -74.373118872024307, 6.300007160632603 ], [ -74.337617251636388, 6.31160130114151 ], [ -74.332922813096431, 6.327115924842587 ], [ -74.32778980020646, 6.335733840673154 ], [ -74.326438878052087, 6.339304924930425 ], [ -74.321090711668788, 6.371763046891897 ], [ -74.325224571320874, 6.410504244513936 ], [ -74.324875459494081, 6.448409128144373 ], [ -74.337439901298453, 6.472493130720097 ], [ -74.344447010497973, 6.479522885144021 ], [ -74.351926045359662, 6.489612212827477 ], [ -74.355501929719097, 6.487328320584081 ], [ -74.358455782442576, 6.482804679298186 ], [ -74.36582681967343, 6.476129162044676 ], [ -74.376874254182326, 6.47196671875716 ], [ -74.37624792877223, 6.462811412056115 ], [ -74.374648894463135, 6.459813315910836 ], [ -74.373417155792154, 6.454890112844266 ], [ -74.373651426496679, 6.450432537003398 ], [ -74.372394234151116, 6.447684877835852 ], [ -74.372161514481661, 6.444164384800543 ], [ -74.373014793948158, 6.441344799338014 ], [ -74.374728830724507, 6.438949205349696 ], [ -74.377660361698261, 6.436987338598245 ], [ -74.380528064783803, 6.436316692344471 ], [ -74.383459082846201, 6.436603698503294 ], [ -74.386142336857205, 6.437817894423857 ], [ -74.389998804288439, 6.441595485336024 ], [ -74.391555531326873, 6.444096226590223 ], [ -74.392962052841156, 6.448337210257526 ], [ -74.392867511944829, 6.451281627576228 ], [ -74.391961773265081, 6.453830008236001 ], [ -74.39398408475806, 6.458154462738158 ], [ -74.394794562128723, 6.469200187276264 ], [ -74.399313766865262, 6.469820190941751 ], [ -74.405089568287025, 6.473478600331908 ], [ -74.409922241835233, 6.472756725711257 ], [ -74.412828449837463, 6.473234695427449 ], [ -74.415426835357039, 6.474621674563647 ], [ -74.418155395223366, 6.477450820129106 ], [ -74.420003737352999, 6.478635622145913 ], [ -74.437403058106156, 6.477530070565098 ], [ -74.452055194721524, 6.477593755503503 ], [ -74.499875345830773, 6.479480824640824 ], [ -74.597741737468453, 6.46729079781918 ], [ -74.640968674509338, 6.43684426336167 ], [ -74.709894139566927, 6.412949939313161 ], [ -74.73178992885974, 6.404410543269742 ], [ -74.809083726108767, 6.404306816008367 ], [ -74.809871012486866, 6.414520000461533 ], [ -74.80950303441486, 6.427449883293915 ], [ -74.806174252356413, 6.468038899409927 ], [ -74.803151333059205, 6.491147938853066 ], [ -74.801212597401459, 6.496031014420585 ], [ -74.801703397947776, 6.500020522943226 ], [ -74.798834698718167, 6.518700116777623 ], [ -74.801066987192698, 6.532445044041388 ], [ -74.802610862552456, 6.552629818022686 ], [ -74.80744823478237, 6.581844283480553 ], [ -74.817348116174671, 6.665339486621535 ], [ -74.817447560756563, 6.680166154161255 ], [ -74.819096612166234, 6.707252850742261 ], [ -74.817441913054495, 6.722840648424983 ], [ -74.818418305254454, 6.767172633166754 ], [ -74.810452850489753, 6.799517822022308 ], [ -74.813314750602984, 6.81774390516768 ], [ -74.816360954238718, 6.854288588446344 ], [ -74.81493839691889, 6.869415879892272 ], [ -74.816477926216677, 6.869609465210024 ], [ -74.814575780400986, 6.870328344350015 ], [ -74.814067740762255, 6.870074542428132 ], [ -74.81360989063117, 6.870976175688583 ], [ -74.809613116870992, 6.870967407390069 ], [ -74.809417471067803, 6.868521583764294 ], [ -74.808833082878635, 6.867657162329512 ], [ -74.810259487938495, 6.865990643027393 ], [ -74.808576454006101, 6.863883306620583 ], [ -74.809281265257482, 6.862197444469333 ], [ -74.809107509694513, 6.861792296624684 ], [ -74.808382257961327, 6.861897034455255 ], [ -74.807689292638869, 6.860869666625423 ], [ -74.80819226166706, 6.859457445831999 ], [ -74.8071859109683, 6.858291954761238 ], [ -74.805103140558145, 6.858725840655628 ], [ -74.804056828377341, 6.858323805334298 ], [ -74.801991373728583, 6.8585171523039 ], [ -74.801552596286029, 6.859259266745274 ], [ -74.80091813916728, 6.859374272779011 ], [ -74.800820476277337, 6.858355367855705 ], [ -74.7990543754143, 6.855510680643335 ], [ -74.79859374702383, 6.853328035504241 ], [ -74.798135800099203, 6.853479264334513 ], [ -74.795337510336424, 6.819826692765322 ], [ -74.792222357266652, 6.799925494844344 ], [ -74.792408599835056, 6.797070246653361 ], [ -74.800335155294007, 6.765629449756187 ], [ -74.799342633626324, 6.722434059870946 ], [ -74.80098013344535, 6.707088881379772 ], [ -74.799367590768398, 6.680773694839591 ], [ -74.799282478713877, 6.666535414561164 ], [ -74.78950697200078, 6.584138956746969 ], [ -74.784673453786851, 6.554976678306803 ], [ -74.783096563669844, 6.534500417868237 ], [ -74.780680339521396, 6.519338003290425 ], [ -74.782340764508021, 6.507300998362386 ], [ -74.77632599848188, 6.5081239511901 ], [ -74.764688870266284, 6.505924209382266 ], [ -74.7478550028207, 6.505265204530933 ], [ -74.728633325862461, 6.506806249449292 ], [ -74.7025897199306, 6.510763718766571 ], [ -74.69565008382348, 6.512316982673201 ], [ -74.688521794860861, 6.512561267827802 ], [ -74.670874908163157, 6.511092333417533 ], [ -74.64819503449722, 6.50749061485499 ], [ -74.641894893511619, 6.5078800470861 ], [ -74.632129029535477, 6.506244305158511 ], [ -74.626898045652908, 6.504077604262386 ], [ -74.591943792603459, 6.49972330897158 ], [ -74.559190384577221, 6.493624306528362 ], [ -74.551840923139338, 6.49530385553668 ], [ -74.544056223430502, 6.496299044314689 ], [ -74.506594355920342, 6.502975276360571 ], [ -74.490362655349173, 6.507479085840547 ], [ -74.477386517435363, 6.509355787950979 ], [ -74.431266744192342, 6.514133030739337 ], [ -74.423969057093174, 6.521785797466435 ], [ -74.420826161633542, 6.527867989333732 ], [ -74.418092109664258, 6.530484852991899 ], [ -74.415542939226697, 6.531559504256548 ], [ -74.395548043587155, 6.536357581290973 ], [ -74.388627574661641, 6.535708566509473 ], [ -74.385396138469801, 6.534400510980836 ], [ -74.354471836173943, 6.509753214908353 ], [ -74.345893677906361, 6.512999929882064 ], [ -74.336996263187856, 6.514533827011388 ], [ -74.333163505023151, 6.514272287006682 ], [ -74.310977829676119, 6.523084831433303 ], [ -74.294194809055185, 6.525204643133282 ], [ -74.223948058384678, 6.565914734355274 ], [ -74.221466260830738, 6.566431544175871 ], [ -74.189535381426637, 6.568478694440731 ], [ -74.182092895894897, 6.571595758974461 ], [ -74.209032671466289, 6.568560472248336 ], [ -74.243172947190544, 6.574678899694089 ], [ -74.266416350874181, 6.586825074017233 ], [ -74.31364827330124, 6.603359455507381 ], [ -74.316527447353451, 6.605369630525725 ], [ -74.326880326275273, 6.617396054837736 ], [ -74.338282381235942, 6.639656286986162 ], [ -74.34122922110754, 6.640866553052677 ], [ -74.362324402169293, 6.635210277763861 ], [ -74.369090738447966, 6.635453640367309 ], [ -74.373586428634923, 6.632244948289657 ], [ -74.379651488258787, 6.629526373852596 ], [ -74.382808842545245, 6.629309577240997 ], [ -74.385851559055837, 6.630195398057335 ], [ -74.389641653030068, 6.632649851634278 ], [ -74.402689381943645, 6.63875171768583 ], [ -74.404644937129632, 6.640361182918227 ], [ -74.406018956151499, 6.642334011575394 ], [ -74.414554429056608, 6.675498970145461 ], [ -74.416913852895021, 6.687228511064101 ], [ -74.415541358401228, 6.688349244790487 ], [ -74.413971392892037, 6.686412763088504 ], [ -74.410573499725118, 6.68453725591834 ], [ -74.409371964317444, 6.684901845866516 ], [ -74.407242990712476, 6.687098383678223 ], [ -74.405719665333848, 6.687167274267146 ], [ -74.404297644285151, 6.688597239928868 ], [ -74.403146618812244, 6.688658946626735 ], [ -74.403583682469474, 6.690625949964629 ], [ -74.402456669653532, 6.690921452754305 ], [ -74.402322496261093, 6.692042488575867 ], [ -74.401508765829576, 6.692285648477593 ], [ -74.39800493232616, 6.683857331035551 ], [ -74.390252723146602, 6.652859003992473 ], [ -74.381484019817151, 6.648802502078055 ], [ -74.376414512080359, 6.652454964333073 ], [ -74.3736226663802, 6.65357816822357 ], [ -74.364803057131354, 6.653242937820653 ], [ -74.342518439140008, 6.659236004414607 ], [ -74.340021789494685, 6.659415931117211 ], [ -74.337569263057318, 6.658903616870698 ], [ -74.328262120148139, 6.655059513368276 ], [ -74.325388341447692, 6.652756246195923 ], [ -74.322848814490499, 6.649317415555167 ], [ -74.312021605928166, 6.627810511174403 ], [ -74.304742791369435, 6.619375314964944 ], [ -74.259371067711442, 6.603508798032772 ], [ -74.238037889102529, 6.59211236144414 ], [ -74.208295359957262, 6.586718878425643 ], [ -74.175093081471772, 6.590655091793229 ], [ -74.161717594718226, 6.594638886813162 ], [ -74.151158564796717, 6.599792947262736 ], [ -74.118049738721723, 6.61746285639002 ], [ -74.111040996307082, 6.62187192174889 ], [ -74.109086526470819, 6.626661237301221 ], [ -74.106374263268819, 6.629487746484736 ], [ -74.089284288668281, 6.638200701008277 ], [ -74.05708121508286, 6.658420265477351 ], [ -74.062216257322348, 6.706915130214936 ], [ -74.059689886598434, 6.713148953340058 ], [ -74.044573618655321, 6.742363123130174 ], [ -74.040492655684872, 6.745666860464948 ], [ -73.995848647688334, 6.775965974409601 ], [ -73.991298106018093, 6.778559332931325 ], [ -73.9867584146794, 6.778778261731592 ], [ -73.966539467703981, 6.77342545762062 ], [ -73.953297357945488, 6.775760166184178 ], [ -73.950572574710947, 6.775288875028531 ], [ -73.945458183258353, 6.773197891526634 ], [ -73.92759954403661, 6.790944921698013 ], [ -73.928038284359033, 6.802506342394562 ], [ -73.927375824288092, 6.805080618592787 ], [ -73.925908999186461, 6.80745021649858 ], [ -73.8839654156709, 6.843933197416503 ], [ -73.864077717921134, 6.874516725661909 ], [ -73.846853176356277, 6.919610135495648 ], [ -73.86043885788628, 6.975222002070631 ], [ -73.860634943222806, 6.978281641363138 ], [ -73.860067101988449, 6.980610285260116 ], [ -73.858979553566854, 6.982608628255836 ], [ -73.847373951845555, 6.996418253192869 ], [ -73.833336918644918, 7.032822474624515 ], [ -73.830271163662019, 7.039097268761192 ], [ -73.831438719872665, 7.044809525402449 ], [ -73.829737484198162, 7.073002001016058 ], [ -73.833912222598471, 7.075281821218293 ], [ -73.84481398173132, 7.084862017818295 ], [ -73.849513397914066, 7.082293697962837 ], [ -73.856158479857925, 7.082130509393843 ], [ -73.886746577973014, 7.08640625436824 ], [ -73.89531429030329, 7.088290530065469 ], [ -73.895893672880035, 7.096348142306686 ], [ -73.898609957105791, 7.103862772445967 ], [ -73.898951761219848, 7.105688261719876 ], [ -73.89859585622095, 7.105882955107331 ], [ -73.895773392028104, 7.106737003618548 ], [ -73.893410295444355, 7.106736071319727 ], [ -73.884063251223083, 7.104294789974082 ], [ -73.854897487776583, 7.100178186377724 ], [ -73.849716745016735, 7.103262007539658 ], [ -73.847465403933242, 7.104021846774264 ], [ -73.845739834827526, 7.102835648272435 ], [ -73.844537463347322, 7.100052921934052 ], [ -73.843943143193428, 7.101729610033282 ], [ -73.844713961474525, 7.103131088178728 ], [ -73.844464132545824, 7.103862104255832 ], [ -73.842248895687888, 7.103502481463987 ], [ -73.84128495728649, 7.102759138078555 ], [ -73.840657443297047, 7.09850700849649 ], [ -73.840683552027286, 7.097376548920097 ], [ -73.84168966734984, 7.096017530478989 ], [ -73.840791183759308, 7.095420343996663 ], [ -73.839080848666768, 7.095414556759874 ], [ -73.838613426980615, 7.092667572043338 ], [ -73.836865522747445, 7.090676194102861 ], [ -73.835095957823128, 7.090079272254009 ], [ -73.835180144620068, 7.091364379498943 ], [ -73.834546341632276, 7.09214009696638 ], [ -73.833245667895454, 7.089836572026982 ], [ -73.831253775897409, 7.089449037361009 ], [ -73.831873139966049, 7.091064886634796 ], [ -73.831837526530421, 7.094222966408433 ], [ -73.831309181496522, 7.095023167106935 ], [ -73.830421353718208, 7.095009798366393 ], [ -73.825421087943553, 7.091296266326151 ], [ -73.824570531499035, 7.08963750855655 ], [ -73.823220965323173, 7.08995873016394 ], [ -73.816856318685694, 7.086363358083453 ], [ -73.814670366528688, 7.083719904278128 ], [ -73.812228323057141, 7.079408506400149 ], [ -73.810971305579685, 7.078308755278896 ], [ -73.80528922370236, 7.076900223141172 ], [ -73.802465646109852, 7.076760821401627 ], [ -73.803108660340271, 7.077760988764533 ], [ -73.805370711461237, 7.078607430206699 ], [ -73.806611050798352, 7.080234027295163 ], [ -73.807969282782878, 7.080578913694115 ], [ -73.808181566040716, 7.081983064137421 ], [ -73.805707518216266, 7.081838678793371 ], [ -73.802948196790908, 7.080799375162226 ], [ -73.79834707568881, 7.076800890789881 ], [ -73.79695853641779, 7.074202029717547 ], [ -73.79649732681878, 7.071836021695212 ], [ -73.784179938620269, 7.061936623990739 ], [ -73.777389455744327, 7.049225016138457 ], [ -73.765592033082982, 7.03422914272597 ], [ -73.756965164264813, 7.017718214603411 ], [ -73.747039731791261, 7.008351509002203 ], [ -73.744947168957808, 7.004939049699558 ], [ -73.744024199260906, 6.997250218702641 ], [ -73.743684379591713, 6.965523967822393 ], [ -73.741262593802489, 6.955012387421132 ], [ -73.741581791629798, 6.946302938931234 ], [ -73.742260839964331, 6.942661605725241 ], [ -73.741745479101908, 6.935214483312707 ], [ -73.74202354477184, 6.927247911258113 ], [ -73.740069613708329, 6.93393681579324 ], [ -73.730103049649401, 6.948196281345914 ], [ -73.724501800054043, 6.973710750727703 ], [ -73.715696501463, 7.015515743656973 ], [ -73.714167638314635, 7.027241555993117 ], [ -73.700205004436199, 7.097272748885029 ], [ -73.700223522138018, 7.103234522502955 ], [ -73.697810464323453, 7.113512242188729 ], [ -73.69071701505554, 7.162793944898921 ], [ -73.66642093159787, 7.223022714994514 ], [ -73.664069495726253, 7.233594255226897 ], [ -73.662946237037275, 7.258753673887321 ], [ -73.648442331617929, 7.338078298999123 ], [ -73.63862801405125, 7.368044247910815 ], [ -73.640764565293196, 7.37358533122779 ], [ -73.640988298554845, 7.377113828409792 ], [ -73.635530112773068, 7.407537862566696 ], [ -73.632563459865224, 7.415737473359974 ], [ -73.627587681492955, 7.452428799806023 ], [ -73.624291373341521, 7.463867181889269 ], [ -73.620549927118944, 7.469881224147119 ], [ -73.619301719616416, 7.472918577893924 ], [ -73.618976694636245, 7.495536377334973 ], [ -73.600069183721729, 7.590459756039578 ], [ -73.588927069067182, 7.642211949450066 ], [ -73.58227689824848, 7.682588917459499 ], [ -73.581864551798731, 7.704560807837217 ], [ -73.572231139633288, 7.792755651061817 ], [ -73.574840132872311, 7.859328707538126 ], [ -73.560157069701873, 7.902372389344056 ], [ -73.552130303754168, 7.940097184016226 ], [ -73.546607292770815, 8.024058453994364 ], [ -73.544785896988373, 8.027385090141708 ], [ -73.493927877381637, 8.086470671498569 ], [ -73.476374078538996, 8.101711238276781 ], [ -73.456580074381648, 8.124063970865011 ], [ -73.446599732608021, 8.13295966115439 ], [ -73.440594029875484, 8.140620240168872 ], [ -73.410887715107521, 8.161455632992922 ], [ -73.403272537416882, 8.169194044448702 ], [ -73.387023726503429, 8.190123179952177 ], [ -73.382890291773634, 8.193975006094371 ], [ -73.352861731521202, 8.207708013797751 ], [ -73.336624598987186, 8.218697427452621 ], [ -73.328864868437137, 8.222120828729704 ], [ -73.327415700804181, 8.223929634369703 ], [ -73.325200603194517, 8.225501026004888 ], [ -73.321347612124953, 8.226469562088113 ], [ -73.318002940067856, 8.22592828682385 ], [ -73.31556132102844, 8.22458943552158 ], [ -73.313004310152493, 8.222133748925168 ], [ -73.311708641564309, 8.219942103832096 ], [ -73.311077049450915, 8.217477639013834 ], [ -73.311300742872149, 8.213676786346204 ], [ -73.313312933186893, 8.209196987183066 ], [ -73.314577247875761, 8.196376051204005 ], [ -73.296406304108331, 8.161552631464872 ], [ -73.289156783018825, 8.15654720504225 ], [ -73.276715011584329, 8.155394328975277 ], [ -73.27051315605209, 8.151760614280379 ], [ -73.251547386220139, 8.144634164803165 ], [ -73.230124583872978, 8.133386413894348 ], [ -73.200432475387714, 8.120011605912945 ], [ -73.179868726795391, 8.109538632738452 ], [ -73.164068391697199, 8.104622681961635 ], [ -73.134161175874269, 8.098430215056553 ], [ -73.102827694798762, 8.081853148851758 ], [ -73.081503536333187, 8.075849029234796 ], [ -73.068780843608209, 8.081557358552065 ], [ -73.064243056885417, 8.08198870052394 ], [ -73.056919254618137, 8.079822247949593 ], [ -73.032236907704274, 8.076744695039196 ], [ -73.017282647881899, 8.069318929575966 ], [ -73.014359642645459, 8.066181597078984 ], [ -73.00967583135791, 8.056049109974154 ], [ -73.004905228177535, 8.041627695975563 ], [ -73.00387106750216, 7.97850038226218 ], [ -73.002342401560227, 7.956391433203784 ], [ -72.999903811778125, 7.950358692251728 ], [ -72.978752002234103, 7.921748164298926 ], [ -72.976799491603884, 7.920079891964092 ], [ -72.958303500679705, 7.913614875284377 ], [ -72.947861677153014, 7.906563143003025 ], [ -72.940131675292108, 7.900188970858897 ], [ -72.934654166593774, 7.894954649004061 ], [ -72.912655888231882, 7.878024678283587 ], [ -72.877273242294507, 7.867820575904874 ], [ -72.860455550200911, 7.864212339347561 ], [ -72.848056938821031, 7.865313138623682 ], [ -72.838737437939614, 7.869787365198328 ], [ -72.832531745395755, 7.871492006240865 ], [ -72.811369129080433, 7.875057711556255 ], [ -72.806680292330782, 7.875074305478087 ], [ -72.781558042474302, 7.871732397881404 ], [ -72.75619113054185, 7.861326235346461 ], [ -72.737278052602733, 7.859425651568579 ], [ -72.71762405555755, 7.86812872382056 ], [ -72.680844202279758, 7.894823177331908 ], [ -72.673803949410924, 7.900918795457533 ], [ -72.665981329814912, 7.905438779509049 ], [ -72.662730662535566, 7.906361105542413 ], [ -72.638277111964669, 7.907861508446222 ], [ -72.629195769245754, 7.906015167257594 ], [ -72.620430913109146, 7.902526832125221 ], [ -72.61851790453855, 7.900922169930573 ], [ -72.605971981766388, 7.88621261199369 ], [ -72.580023535727136, 7.871205871109122 ], [ -72.560052008936708, 7.882256766920666 ], [ -72.536832326488252, 7.888521442244034 ], [ -72.525577234437165, 7.887625299388088 ], [ -72.521682489212267, 7.885812742431829 ], [ -72.519360320997862, 7.883152560916108 ], [ -72.518179967303965, 7.879219958422648 ], [ -72.518865724481032, 7.875172369110838 ], [ -72.521000316268442, 7.872100256265335 ], [ -72.517322231445945, 7.871658444859091 ], [ -72.512206718193269, 7.869212978453266 ], [ -72.502977846769852, 7.862870926632771 ], [ -72.495144044058847, 7.86638335294455 ], [ -72.493832566398538, 7.868443669366773 ], [ -72.494185103164014, 7.873010732321814 ], [ -72.493581269248466, 7.875990120835976 ], [ -72.492021212720829, 7.878601177790355 ], [ -72.489437164066885, 7.880800156520548 ], [ -72.486339959547308, 7.881953701040347 ], [ -72.482894330908167, 7.88189444403366 ], [ -72.47973145483671, 7.880565032943927 ], [ -72.477308205554721, 7.878182216513794 ], [ -72.476043342484431, 7.875494033998725 ], [ -72.475560084494262, 7.871766826827578 ], [ -72.475921957993194, 7.864241203560178 ], [ -72.477128191592328, 7.860916212428649 ], [ -72.481562819994664, 7.85397888621153 ], [ -72.483380629242475, 7.852091526062184 ], [ -72.497247471034811, 7.845633593213996 ], [ -72.501756329933272, 7.844062600040755 ], [ -72.506012519186356, 7.844462623597432 ], [ -72.509877775921339, 7.845830874640397 ], [ -72.521565420067489, 7.853665111002175 ], [ -72.541014933991633, 7.850062532232214 ], [ -72.560447569351936, 7.848585354209604 ], [ -72.575904448027401, 7.848862275974213 ], [ -72.580262557064984, 7.850447190718928 ], [ -72.617131711743227, 7.829970411889972 ], [ -72.643268836747168, 7.80741578924844 ], [ -72.643973346084422, 7.805403051905865 ], [ -72.645027756057985, 7.797543814773517 ], [ -72.646132947529694, 7.794237169457043 ], [ -72.64731814958958, 7.792009544123697 ], [ -72.650254748504267, 7.788577165152837 ], [ -72.65126322991604, 7.786006961715566 ], [ -72.650494738369773, 7.750060308450061 ], [ -72.655989012170096, 7.724127801615762 ], [ -72.657078286216887, 7.721893924799192 ], [ -72.660973792866727, 7.716605995839362 ], [ -72.646480410477281, 7.673827841148424 ], [ -72.646519163131686, 7.645717437324875 ], [ -72.647594215071095, 7.612200446086886 ], [ -72.632542686012044, 7.550899723240886 ], [ -72.630978714921582, 7.503464461300786 ], [ -72.637357497243173, 7.480549259158719 ], [ -72.639453138732776, 7.473457668769301 ], [ -72.641012423428222, 7.470847561293043 ], [ -72.698178767906086, 7.408232195487996 ], [ -72.712994898280428, 7.368964113633459 ], [ -72.718399734063524, 7.355944910539743 ], [ -72.735748763520462, 7.333899110101527 ], [ -72.745540006102559, 7.319175641124007 ], [ -72.753063227092028, 7.299627002904354 ], [ -72.754748667009224, 7.28592496803335 ], [ -72.758466293118872, 7.27627210970476 ], [ -72.764513922897507, 7.271137662619296 ], [ -72.778743330926829, 7.263090450606748 ], [ -72.788313267272798, 7.26000102455176 ], [ -72.805182318581245, 7.249285015141123 ], [ -72.81037944050469, 7.252218616116375 ], [ -72.812062468294314, 7.250850771042091 ], [ -72.813100520791764, 7.249077052436007 ], [ -72.818219804605874, 7.248940569043921 ], [ -72.820960675671245, 7.247730133889667 ], [ -72.823085843804847, 7.249117856592973 ], [ -72.824975420298856, 7.249150526062679 ], [ -72.827779471089812, 7.248152514072351 ], [ -72.829496044497702, 7.246482835117766 ], [ -72.832078711238808, 7.245782392779534 ], [ -72.833521019760454, 7.244402029783095 ], [ -72.836235814662984, 7.244310372116189 ], [ -72.836516464990098, 7.243763566539906 ], [ -72.837726535315838, 7.24342597085222 ], [ -72.840080095640488, 7.243463401856303 ], [ -72.843411807510293, 7.241998978168317 ], [ -72.833726493257203, 7.252563758220438 ], [ -72.796716972077434, 7.276073778420266 ], [ -72.786175849649624, 7.279620522193129 ], [ -72.773691116572223, 7.286827006343803 ], [ -72.772453493656869, 7.289915043718252 ], [ -72.770623110353242, 7.30435665973925 ], [ -72.761849336744078, 7.327168982403665 ], [ -72.750413936512857, 7.344556353882333 ], [ -72.734381192299736, 7.364653625005609 ], [ -72.71393699511809, 7.417406063719753 ], [ -72.68404443406331, 7.450951018847423 ], [ -72.678801118548122, 7.456129730187877 ], [ -72.65602544120182, 7.481209743274664 ], [ -72.649103599084711, 7.505173815122134 ], [ -72.650573368612527, 7.548761564723606 ], [ -72.665715581362548, 7.610438251635729 ], [ -72.664913463061765, 7.631609564059654 ], [ -72.664431345038622, 7.670648009957111 ], [ -72.670131220590719, 7.68650741209519 ], [ -72.679900657660426, 7.716844628243241 ], [ -72.679626803435127, 7.719869660220755 ], [ -72.678110055124833, 7.723641759548987 ], [ -72.673068743750321, 7.730708030800112 ], [ -72.668471781073137, 7.752717098078985 ], [ -72.669347246721046, 7.784670747333152 ], [ -72.678500092952092, 7.776701613561217 ], [ -72.687523056258144, 7.7708500752151 ], [ -72.757757223445026, 7.717646177053861 ], [ -72.764326628798528, 7.710722955181406 ], [ -72.76721691432887, 7.704589295561787 ], [ -72.78623341903527, 7.676647227476113 ], [ -72.833989440088686, 7.633667268109535 ], [ -72.852864663972511, 7.622564064239123 ], [ -72.860035227034814, 7.617433091547151 ], [ -72.870052368156465, 7.60664752630413 ], [ -72.881286874107218, 7.595779173102502 ], [ -72.915088870300494, 7.581967739115217 ], [ -72.920998300369689, 7.579215315335197 ], [ -72.926185199513142, 7.575551787281733 ], [ -72.927444035744045, 7.567119921541954 ], [ -72.937183637363972, 7.544151889124775 ], [ -72.936654683097302, 7.53061926365703 ], [ -72.937819172148579, 7.523228151398727 ], [ -72.949121320634461, 7.503889046778212 ], [ -72.951355781805304, 7.497311885461051 ], [ -72.952072654876972, 7.485699111333314 ], [ -72.956551996572031, 7.444313981323591 ], [ -72.992237352377103, 7.345110432507956 ], [ -73.005657282148022, 7.313742946117764 ], [ -73.020789281339788, 7.281255772406968 ], [ -73.047804918843823, 7.248036933751092 ], [ -73.07050242809396, 7.172041242892419 ], [ -73.071164912052552, 7.172530931123198 ], [ -73.073908441447955, 7.17226114199944 ], [ -73.074811641837599, 7.171709124045782 ], [ -73.077577521956783, 7.171293002372173 ], [ -73.082150238333213, 7.175450335931203 ], [ -73.083643371861356, 7.176163197523845 ], [ -73.085298271513949, 7.175921683024063 ], [ -73.085702516771704, 7.176859343049959 ], [ -73.087333037110113, 7.178249180298232 ], [ -73.064215093739804, 7.256055723545848 ], [ -73.062939064075692, 7.258124349000137 ], [ -73.036411636283901, 7.290530596612758 ], [ -73.022195925930987, 7.321112503147979 ], [ -73.00912553466253, 7.351629896643671 ], [ -72.999402933125353, 7.377923006630333 ], [ -72.974138305168736, 7.448930913385797 ], [ -72.970129866855316, 7.48718840991025 ], [ -72.969111967975635, 7.501166678174945 ], [ -72.965660611356924, 7.51140366068547 ], [ -72.955123517117585, 7.529195060656888 ], [ -72.955099962615975, 7.548052221995317 ], [ -72.944774398982631, 7.57264755505703 ], [ -72.943802323404114, 7.581098009915262 ], [ -72.942274260026608, 7.584561819087199 ], [ -72.937650216013935, 7.589788855076042 ], [ -72.929728320012174, 7.595087926232482 ], [ -72.922145546878667, 7.598622401264361 ], [ -72.891392334554297, 7.611078118015157 ], [ -72.878003709760975, 7.624396804886393 ], [ -72.871925751458278, 7.63114260724814 ], [ -72.862558347158568, 7.637848869944342 ], [ -72.845039346565926, 7.64805805051597 ], [ -72.802484277908135, 7.686262266010126 ], [ -72.799865051005, 7.688660668849645 ], [ -72.782775909605689, 7.713911261026206 ], [ -72.779253556514817, 7.721207478998608 ], [ -72.770097591549913, 7.730926023763966 ], [ -72.698026255050351, 7.785597829008476 ], [ -72.689445003546453, 7.791143160004753 ], [ -72.658725623620711, 7.817943997497591 ], [ -72.651073269777967, 7.838324945941484 ], [ -72.649558753927934, 7.847309903203294 ], [ -72.646168721834883, 7.853254913478882 ], [ -72.644242592012304, 7.855405166996917 ], [ -72.640625610109439, 7.857181646265426 ], [ -72.634316467268846, 7.858642899315433 ], [ -72.631183850619109, 7.858572585125017 ], [ -72.626742379331091, 7.857178075203113 ], [ -72.623814788974769, 7.854939663326184 ], [ -72.621345679141427, 7.853821607918233 ], [ -72.619527651586452, 7.852267136126868 ], [ -72.618077042489361, 7.850120581438121 ], [ -72.598527236240301, 7.861021085436086 ], [ -72.617614436901576, 7.872179568175492 ], [ -72.630610847806324, 7.88720651959041 ], [ -72.634525075007858, 7.888711358188859 ], [ -72.638950110474241, 7.889722525991327 ], [ -72.641512171336501, 7.889579681529944 ], [ -72.659265593448467, 7.888454491074214 ], [ -72.663237137446899, 7.886182737621533 ], [ -72.669777752358428, 7.88048471513497 ], [ -72.708166049947593, 7.852650198784432 ], [ -72.733386616427907, 7.841581839201275 ], [ -72.737377454442822, 7.841296753975753 ], [ -72.737430694538958, 7.841657527987053 ], [ -72.737430758569175, 7.841305018321187 ], [ -72.760695755926889, 7.843693175847351 ], [ -72.786563300984994, 7.854193147054839 ], [ -72.808594579338234, 7.857058862882416 ], [ -72.831015619947863, 7.853302131981237 ], [ -72.843664541729808, 7.847668834655664 ], [ -72.861940979592049, 7.846091213070904 ], [ -72.881998507151323, 7.850353846804955 ], [ -72.920647484144851, 7.861611810471419 ], [ -72.946242139153, 7.88102948835426 ], [ -72.958916838928772, 7.892219898470398 ], [ -72.967460225181881, 7.897963721640506 ], [ -72.984227677327084, 7.903487636949715 ], [ -72.990885742697841, 7.895971125240556 ], [ -72.996303268108022, 7.884318808936801 ], [ -73.003867833998953, 7.877908422918235 ], [ -73.007655268859381, 7.87307052899259 ], [ -73.023337267062843, 7.841702214571065 ], [ -73.030426775146211, 7.818395231440281 ], [ -73.042202870489803, 7.803386808462724 ], [ -73.045223025941894, 7.800332330243119 ], [ -73.049592324111501, 7.793840820614318 ], [ -73.064745799847898, 7.778177783661476 ], [ -73.095525192061515, 7.718628511575458 ], [ -73.116094897655515, 7.683576451953287 ], [ -73.12237452362838, 7.675770741181323 ], [ -73.130545405280159, 7.662215282651699 ], [ -73.134309734680713, 7.659625556954667 ], [ -73.143010407253371, 7.656037664624679 ], [ -73.146951211619893, 7.655867695710265 ], [ -73.168107424615442, 7.650935306368179 ], [ -73.215384992588795, 7.641641122156464 ], [ -73.236794772281016, 7.640104323693887 ], [ -73.24307351513788, 7.636493228302662 ], [ -73.244680928965508, 7.63441957579414 ], [ -73.246247765755655, 7.630683932547835 ], [ -73.247870101400935, 7.613953480171362 ], [ -73.246275606846581, 7.604362377223992 ], [ -73.233726988194547, 7.563005934599373 ], [ -73.234473115867942, 7.5380808737696 ], [ -73.229165509536628, 7.513232470412345 ], [ -73.220741600169873, 7.467335462069026 ], [ -73.214598207033859, 7.448384377963833 ], [ -73.198661746544786, 7.430564506728777 ], [ -73.197533549048799, 7.428478480399783 ], [ -73.195576726928465, 7.422533967387025 ], [ -73.193191420244489, 7.412627860309421 ], [ -73.193755946943696, 7.402313952162406 ], [ -73.19321074845368, 7.396780868925789 ], [ -73.195492653739194, 7.378824159098532 ], [ -73.192349292124646, 7.363904964232312 ], [ -73.190849276574866, 7.350795231694123 ], [ -73.187876979045512, 7.337264791807647 ], [ -73.172939146084801, 7.305006021965823 ], [ -73.162853749932623, 7.284786872175848 ], [ -73.158317005559297, 7.274374473063702 ], [ -73.15947657776708, 7.249459726543037 ], [ -73.162772941883887, 7.239229411332786 ], [ -73.166426476460984, 7.230736003335591 ], [ -73.166733710554368, 7.223343628027783 ], [ -73.159688391684028, 7.203917391314493 ], [ -73.152262950571597, 7.192521852668545 ], [ -73.143760296295056, 7.187134835066775 ], [ -73.138208906396898, 7.182574256009044 ], [ -73.135349784333627, 7.180867664944482 ], [ -73.135445975050416, 7.180549142451049 ], [ -73.13527197536493, 7.180821222369663 ], [ -73.134237093235356, 7.17940541565092 ], [ -73.134628276321379, 7.178465285124874 ], [ -73.135892685929377, 7.17750110190562 ], [ -73.138102069458498, 7.178047110672111 ], [ -73.139907370389608, 7.177448517657066 ], [ -73.139824735507673, 7.175020600601357 ], [ -73.140347367662798, 7.174626019120875 ], [ -73.143435405029237, 7.174762454552607 ], [ -73.142470654517481, 7.173700340976437 ], [ -73.142377421955473, 7.172659492879326 ], [ -73.14346560477135, 7.170982681815675 ], [ -73.142567655448616, 7.168869753660663 ], [ -73.143007498709835, 7.166864208656954 ], [ -73.141828444342735, 7.166302881706441 ], [ -73.150375244802746, 7.169157594357958 ], [ -73.15447490847842, 7.172536750535537 ], [ -73.16423388153072, 7.178754845249013 ], [ -73.166345338464467, 7.180956241246218 ], [ -73.176038462489899, 7.19602675879791 ], [ -73.184644963179565, 7.219593004305906 ], [ -73.184921429666744, 7.222059067627622 ], [ -73.184336243655423, 7.23438489835299 ], [ -73.179744675685413, 7.245541307774753 ], [ -73.177404341109536, 7.252545120466184 ], [ -73.176370708150614, 7.270823020345564 ], [ -73.183550562811419, 7.286233572102141 ], [ -73.18925685388443, 7.297154432618348 ], [ -73.205251407394769, 7.331996080042628 ], [ -73.208709030835891, 7.347719651701386 ], [ -73.21020895614808, 7.360766109945398 ], [ -73.211690882696018, 7.366377058158636 ], [ -73.213685746533358, 7.377851864454628 ], [ -73.211367904960795, 7.397383944185656 ], [ -73.211902390588421, 7.401831990461524 ], [ -73.211400253863374, 7.411709832858647 ], [ -73.212816591596649, 7.416934483363684 ], [ -73.214118795810393, 7.420728626261495 ], [ -73.230513068321216, 7.439374908620679 ], [ -73.234427477513819, 7.450231044818053 ], [ -73.238374942415916, 7.463104433046501 ], [ -73.246952993776304, 7.509787909068451 ], [ -73.252480059486842, 7.535798875435773 ], [ -73.252663202198761, 7.543664654658454 ], [ -73.25174876772904, 7.560180126772766 ], [ -73.263855356601141, 7.599896580602427 ], [ -73.26554039254691, 7.609471872700234 ], [ -73.266044465159808, 7.614265266134104 ], [ -73.264091975156219, 7.634206716509879 ], [ -73.260570522061684, 7.643271357584781 ], [ -73.255836754465292, 7.6495361458315 ], [ -73.253878923185852, 7.651149597053426 ], [ -73.24238755927199, 7.657544498135873 ], [ -73.218333806230376, 7.659495201477752 ], [ -73.171820577293786, 7.668634288308139 ], [ -73.149784060792726, 7.673802689685727 ], [ -73.146758603591195, 7.673955245762942 ], [ -73.143466222573039, 7.675366075349794 ], [ -73.137591489035302, 7.685711160804314 ], [ -73.131218728950472, 7.693578935204885 ], [ -73.111318698013335, 7.727505238912253 ], [ -73.079836626319661, 7.788377898802058 ], [ -73.063576092826551, 7.805406705917573 ], [ -73.059429001402634, 7.81163655956984 ], [ -73.055976603893086, 7.815161658272961 ], [ -73.046439989133859, 7.827189643325051 ], [ -73.040188305046073, 7.848438444037384 ], [ -73.030536426559252, 7.868418203983301 ], [ -73.024977552743309, 7.878457369381013 ], [ -73.023648349451534, 7.881838130699452 ], [ -73.01685497642822, 7.890615194807172 ], [ -73.011091707844869, 7.89532710781145 ], [ -73.005993813167038, 7.906178119600114 ], [ -72.997194915758286, 7.916168724129016 ], [ -73.015557690030846, 7.941109251393874 ], [ -73.020147882859348, 7.952449287437803 ], [ -73.022010067929699, 7.97797844485418 ], [ -73.02292929476981, 8.038818450751753 ], [ -73.02638090075402, 8.048980111814236 ], [ -73.029218318594971, 8.055154046978164 ], [ -73.037346518734935, 8.059256387203565 ], [ -73.060198611634178, 8.062009886254168 ], [ -73.065071699838768, 8.063410520729656 ], [ -73.077628317743688, 8.057782720213266 ], [ -73.081530501355715, 8.057231338183398 ], [ -73.108936887162898, 8.064791121772361 ], [ -73.140713842813938, 8.081464900144196 ], [ -73.168575935885755, 8.087097783879491 ], [ -73.186502106089065, 8.09267641172155 ], [ -73.208352016707394, 8.103740127755481 ], [ -73.238078414892485, 8.117134080120461 ], [ -73.258962661915248, 8.12811463554169 ], [ -73.278082388536887, 8.135276135169384 ], [ -73.282467986491667, 8.137949415854427 ], [ -73.293066628044187, 8.138608270032806 ], [ -73.29622732760528, 8.139532770828698 ], [ -73.308832092224108, 8.148136446214492 ], [ -73.311262680609914, 8.150824104833479 ], [ -73.332257398930082, 8.191106040564753 ], [ -73.333022139391772, 8.194476673391968 ], [ -73.332491764013497, 8.199644454205245 ], [ -73.344259638953844, 8.191762240402792 ], [ -73.372621756623474, 8.178915079035821 ], [ -73.38949451345492, 8.157399045627958 ], [ -73.39866132554296, 8.148056115311142 ], [ -73.428079395073638, 8.127385211025452 ], [ -73.433163367054732, 8.120742177325639 ], [ -73.44360953360119, 8.111395760888104 ], [ -73.463460953340913, 8.088981098806565 ], [ -73.480794723799335, 8.073944923967074 ], [ -73.529050641383847, 8.017887351111087 ], [ -73.534177576395678, 7.937370212814963 ], [ -73.542664718211597, 7.897546033956666 ], [ -73.556710845446361, 7.856889787150328 ], [ -73.554094788619622, 7.791888541593013 ], [ -73.563778542763984, 7.703217487593896 ], [ -73.564223523244308, 7.680716429265925 ], [ -73.571070715511937, 7.639097764387508 ], [ -73.582306971921611, 7.586865154845357 ], [ -73.600996709643539, 7.493068539633815 ], [ -73.601379728450851, 7.469304232324583 ], [ -73.604331531814921, 7.461737045247103 ], [ -73.60758991918307, 7.456608561322484 ], [ -73.609795584044335, 7.448938484111537 ], [ -73.614790539369963, 7.411993777747088 ], [ -73.617924167709589, 7.403134931745954 ], [ -73.622636616672665, 7.376840078088094 ], [ -73.620230221876739, 7.370584469514277 ], [ -73.620086675373869, 7.366827684415928 ], [ -73.630804164790064, 7.333885289352795 ], [ -73.644990168893017, 7.256287375737351 ], [ -73.646176180985748, 7.230653308142986 ], [ -73.649281394125182, 7.217117611380672 ], [ -73.673144052678438, 7.15817106478295 ], [ -73.679946460346486, 7.110546504661534 ], [ -73.680936394740172, 7.10622624026652 ], [ -73.63089554970729, 7.118063570429253 ], [ -73.570590896429195, 7.133726634930185 ], [ -73.563607133145382, 7.13453024493425 ], [ -73.558115220004581, 7.136846728805905 ], [ -73.544555282990572, 7.1377841251334 ], [ -73.542277154641269, 7.137586664367201 ], [ -73.539895458634845, 7.136707342050513 ], [ -73.530866985198912, 7.131545866402186 ], [ -73.530818060835799, 7.130811142911513 ], [ -73.535110099268266, 7.129499470719187 ], [ -73.534836835027548, 7.128512719211835 ], [ -73.536250407784138, 7.127777585417433 ], [ -73.537724833462633, 7.127648243503513 ], [ -73.537860512757163, 7.129472527596967 ], [ -73.537755139180177, 7.127644237484875 ], [ -73.540102266293502, 7.127812026870665 ], [ -73.544281019623568, 7.123592240462941 ], [ -73.539950400031628, 7.124258489283553 ], [ -73.538665491732544, 7.123925364605433 ], [ -73.539188972860245, 7.122259742347448 ], [ -73.539093794131745, 7.119642335622233 ], [ -73.53981699952584, 7.118621368614377 ], [ -73.537601066603528, 7.117039270278197 ], [ -73.549381692000011, 7.117642647291428 ], [ -73.553191697257745, 7.117318647643103 ], [ -73.606512149776776, 7.10544556446255 ], [ -73.626291762897452, 7.10000733229553 ], [ -73.684045068460307, 7.086509528838322 ], [ -73.696345851902507, 7.024064311572066 ], [ -73.69791755905122, 7.012101487733579 ], [ -73.712967365814222, 6.941928067267948 ], [ -73.714131103261167, 6.939454856394825 ], [ -73.723768810643037, 6.925751353617043 ], [ -73.731165292871395, 6.901053597800175 ], [ -73.74160095422026, 6.875243226605082 ], [ -73.745144195197582, 6.866881512475929 ], [ -73.745365230667787, 6.867137445160876 ], [ -73.746001104639944, 6.864263384007586 ], [ -73.751959715367306, 6.856636480814633 ], [ -73.752636540599454, 6.857364605094727 ], [ -73.751658455293168, 6.858327738119842 ], [ -73.753367817588938, 6.862142993736508 ], [ -73.752368591624091, 6.863637406155624 ], [ -73.75069465384783, 6.864595190292974 ], [ -73.750919289247364, 6.866429747245292 ], [ -73.753252736088413, 6.867622697298557 ], [ -73.752739568365868, 6.870019348682985 ], [ -73.753059539240212, 6.871199881057464 ], [ -73.752306804771777, 6.873135455205933 ], [ -73.752973549891934, 6.876253817069224 ], [ -73.751334435916519, 6.879520352341814 ], [ -73.75008858937143, 6.880082383830413 ], [ -73.751267556891435, 6.881465604339501 ], [ -73.751099318146146, 6.882796700295481 ], [ -73.748991255602064, 6.884089245685518 ], [ -73.749546643880194, 6.885675340617079 ], [ -73.747920555519798, 6.887199281366377 ], [ -73.750336032109104, 6.889552217412637 ], [ -73.750901433982804, 6.891298980604864 ], [ -73.750328914041788, 6.892360011951592 ], [ -73.751025054040454, 6.893246605519037 ], [ -73.751293037647386, 6.895348184833488 ], [ -73.752178611053296, 6.896007807442719 ], [ -73.753269353002949, 6.895840353509058 ], [ -73.752333456701265, 6.897834453663958 ], [ -73.752299058353699, 6.899986138940443 ], [ -73.753369790216482, 6.90108401006999 ], [ -73.752567208695169, 6.903470400437545 ], [ -73.749640899248831, 6.906222217734477 ], [ -73.75126701547417, 6.907015861153145 ], [ -73.75012645940842, 6.908798867866006 ], [ -73.750237808825446, 6.909477498408542 ], [ -73.748880232673542, 6.909473936507531 ], [ -73.748159361437857, 6.91081712413495 ], [ -73.74870284205852, 6.91196797277991 ], [ -73.747392553938184, 6.915914244470567 ], [ -73.7477295695289, 6.916819582653019 ], [ -73.746010491678007, 6.925181226617374 ], [ -73.747387247922305, 6.927735634882608 ], [ -73.748377138647768, 6.928635698423176 ], [ -73.750573387380413, 6.928987205303452 ], [ -73.751169431293278, 6.928713978167738 ], [ -73.751847577594489, 6.927143533646009 ], [ -73.753239562423332, 6.927928756350226 ], [ -73.755488152213161, 6.926857998618621 ], [ -73.756558447175493, 6.925683651541982 ], [ -73.75673736938765, 6.92425248867444 ], [ -73.760184163969612, 6.937171557328226 ], [ -73.763261145674278, 6.936411636540563 ], [ -73.766761308858278, 6.93687445092533 ], [ -73.769817817798099, 6.938640495894876 ], [ -73.771965360187195, 6.941440919462266 ], [ -73.772895977515716, 6.945440799239396 ], [ -73.771960197952325, 6.949439478667591 ], [ -73.766529166379641, 6.955864767091593 ], [ -73.761822928375466, 6.963636543577901 ], [ -73.763768989592151, 6.970150586795229 ], [ -73.767749430986484, 6.976290657725382 ], [ -73.770313594980962, 6.984966425098706 ], [ -73.774533737896633, 6.993386180978542 ], [ -73.775764300836897, 6.997306829450802 ], [ -73.776104602452691, 7.000719883585838 ], [ -73.777401787213165, 7.002705697266215 ], [ -73.784542413541971, 7.018408654415437 ], [ -73.793051965841059, 7.03878336054891 ], [ -73.798048523085882, 7.049297770685619 ], [ -73.810299868198001, 7.059271456780637 ], [ -73.812454099610349, 7.05812653659001 ], [ -73.81328958918121, 7.045625155025108 ], [ -73.811634330169426, 7.039123243797236 ], [ -73.812089551196252, 7.035034603435232 ], [ -73.816600693703137, 7.0259153791764 ], [ -73.831422246870218, 6.987672498291565 ], [ -73.841087023965713, 6.975523987979802 ], [ -73.841694590622311, 6.975689140525438 ], [ -73.841087026676036, 6.975523984355506 ], [ -73.841728183666845, 6.974795964378526 ], [ -73.828551678475748, 6.92111580003662 ], [ -73.828609325480414, 6.91683130706499 ], [ -73.847789471496256, 6.866518210301002 ], [ -73.869429786679376, 6.833080559588599 ], [ -73.871164803792681, 6.831081773523048 ], [ -73.90980497114974, 6.797625970044841 ], [ -73.909305180326584, 6.78691869301342 ], [ -73.909759835839097, 6.784553662286886 ], [ -73.910826392439262, 6.782385161704478 ], [ -73.937952306487404, 6.755218851222082 ], [ -73.941057204706553, 6.753753046837074 ], [ -73.944484326123728, 6.75354892288501 ], [ -73.954416060857739, 6.757367165309892 ], [ -73.965466484131355, 6.755200366009175 ], [ -73.967817420393828, 6.75512301851554 ], [ -73.98694709334336, 6.760144612199733 ], [ -74.030493236813285, 6.730589033798911 ], [ -74.043984314615017, 6.70407043648391 ], [ -74.039361484650172, 6.662699769905409 ], [ -73.988219034142034, 6.698839725855559 ], [ -73.93387103694927, 6.731915189989567 ], [ -73.8787017377918, 6.761887037659513 ], [ -73.865757062792611, 6.76539509318851 ], [ -73.866171262561664, 6.763211423104419 ], [ -73.866947899763289, 6.763078143293353 ], [ -73.867515736780177, 6.762005873230652 ], [ -73.868469982132723, 6.762453604817628 ], [ -73.86847208656512, 6.761549115312369 ], [ -73.869041651760412, 6.761916675016471 ], [ -73.870606367446044, 6.760879729100174 ], [ -73.872091863477806, 6.761331391192901 ], [ -73.871759112989338, 6.758504067514498 ], [ -73.872186262137731, 6.757517419623697 ], [ -73.871374217599865, 6.755885080871343 ], [ -73.872788017196015, 6.753757839174154 ], [ -73.870889179017141, 6.753880583486847 ], [ -73.86841134985491, 6.750712631455629 ], [ -73.867215349116734, 6.750284326173722 ], [ -73.866846869791644, 6.750758297233043 ], [ -73.866550911458262, 6.749123869522686 ], [ -73.864443359432642, 6.748133842333262 ], [ -73.863101759815436, 6.746421518704774 ], [ -73.861665878151925, 6.746469817948007 ], [ -73.860838666321939, 6.747170815591636 ], [ -73.859319953725603, 6.746669253626545 ], [ -73.857687448072753, 6.748036416330867 ], [ -73.857222291310137, 6.747452904127806 ], [ -73.855946801220398, 6.749196130474481 ], [ -73.854138292613982, 6.748739638605731 ], [ -73.853868551886876, 6.747718139374479 ], [ -73.854574421385166, 6.748112586321758 ], [ -73.855259675943188, 6.747485676133529 ], [ -73.855394761333841, 6.745730393490984 ], [ -73.856007856915326, 6.744611042717587 ], [ -73.858360562726389, 6.743361943466638 ], [ -73.859306236548719, 6.742030821062227 ], [ -73.859434721817451, 6.740532723266302 ], [ -73.860650598043136, 6.739781558666297 ], [ -73.860836963597507, 6.73767527922498 ], [ -73.860048461811374, 6.736316698539295 ], [ -73.858747003152601, 6.737054633648341 ], [ -73.856104594505254, 6.736310681985435 ], [ -73.854858111757622, 6.737549065221931 ], [ -73.851425620005415, 6.7370405733577 ], [ -73.854429331776444, 6.729010319235678 ], [ -73.865120563446212, 6.716297216766304 ], [ -73.800352702539527, 6.763584356324841 ], [ -73.798786757008443, 6.763454736939871 ], [ -73.797523450432962, 6.764924533294884 ], [ -73.795255689106995, 6.765732859176137 ], [ -73.7931890238753, 6.765829257793903 ], [ -73.792855955195805, 6.766594394854637 ], [ -73.793245973359191, 6.767247494948768 ], [ -73.791777924187571, 6.766339378552897 ], [ -73.788948464855423, 6.767123753647556 ], [ -73.788271839706155, 6.766330656128354 ], [ -73.786184731909103, 6.768559631165782 ], [ -73.784866702160585, 6.771183681999527 ], [ -73.782788580032573, 6.768401261531063 ], [ -73.781973755152052, 6.768300737629197 ], [ -73.781480602750264, 6.768950451387768 ], [ -73.751669178277155, 6.775381178896482 ], [ -73.736056922995999, 6.778278248098756 ], [ -73.695851884584073, 6.787961410218371 ], [ -73.673981587586354, 6.792581856179146 ], [ -73.640541586743112, 6.813953964890227 ], [ -73.603282489926528, 6.836631387953713 ], [ -73.600453536216222, 6.837274467797118 ], [ -73.557934844068996, 6.839960589449094 ], [ -73.517571769698151, 6.861896955618638 ], [ -73.480503505179954, 6.88581271006482 ], [ -73.459286038536916, 6.908310132007186 ], [ -73.448599506735164, 6.918015061862955 ], [ -73.433868645539278, 6.92890772317158 ], [ -73.421153358918986, 6.93450106457386 ], [ -73.408924848627919, 6.937744738669539 ], [ -73.406079584976226, 6.937914352422709 ], [ -73.394403583633164, 6.936623883077001 ], [ -73.384731070239681, 6.933296701192075 ], [ -73.371723854961715, 6.932851292791709 ], [ -73.366966556113823, 6.931443306998619 ], [ -73.363801899697492, 6.931350349842512 ], [ -73.341666433154913, 6.92785133291819 ], [ -73.339380193446587, 6.927097594341036 ], [ -73.336992603274979, 6.925416667747003 ], [ -73.334238890078296, 6.922131925537382 ], [ -73.325070016637738, 6.904209215631239 ], [ -73.321290074604448, 6.896121068024579 ], [ -73.3206452823527, 6.893466305885863 ], [ -73.317129079629225, 6.888889836751804 ], [ -73.300304985433172, 6.875973430740401 ], [ -73.296623137538162, 6.876517563412041 ], [ -73.289106673979632, 6.882573162261449 ], [ -73.285088442088067, 6.89147673951501 ], [ -73.280251368132483, 6.904190585086639 ], [ -73.270827679434319, 6.917471158839718 ], [ -73.267888467955004, 6.921156608133948 ], [ -73.265818121769897, 6.922753530939032 ], [ -73.245015478322117, 6.930610382331855 ], [ -73.242325410996543, 6.931135472796205 ], [ -73.227513808394491, 6.928986282934755 ], [ -73.215653801706495, 6.924443503513459 ], [ -73.198456370484507, 6.930003244610018 ], [ -73.190305680395454, 6.93390551675195 ], [ -73.186647003242214, 6.939452377056264 ], [ -73.184642036820563, 6.941364225366139 ], [ -73.162252881658119, 6.953092257530995 ], [ -73.169548313720767, 6.954150341120631 ], [ -73.238133180743446, 6.981612260388663 ], [ -73.240176825306364, 6.982796033013811 ], [ -73.241844210323521, 6.984467961844866 ], [ -73.248290234714119, 6.994601077536534 ], [ -73.260666719317385, 7.030545459529036 ], [ -73.264687165722307, 7.0382243899692 ], [ -73.271373869346007, 7.094773511901328 ], [ -73.27337810179111, 7.106945527406722 ], [ -73.276137470747571, 7.11560459899224 ], [ -73.285541650959033, 7.12618423273232 ], [ -73.297544158645223, 7.136333977119738 ], [ -73.305626464441076, 7.141494218686122 ], [ -73.315322152757915, 7.150948073686269 ], [ -73.321395160160691, 7.152075575535715 ], [ -73.339076093068556, 7.138920292261057 ], [ -73.353041338262031, 7.132656430786906 ], [ -73.357226131989023, 7.131723016181376 ], [ -73.379608583091184, 7.124295958906283 ], [ -73.398196584857658, 7.116723707326447 ], [ -73.421136933676465, 7.11118319073682 ], [ -73.41681702823513, 7.11055293599219 ], [ -73.409593877242514, 7.11290693552493 ], [ -73.406062064591652, 7.112901830014295 ], [ -73.403699117809694, 7.112112376408581 ], [ -73.40173629741696, 7.110798174994006 ], [ -73.40018088663858, 7.109021295454056 ], [ -73.399138884278315, 7.106902834649628 ], [ -73.398681294338502, 7.104587165224582 ], [ -73.398974635745319, 7.101656079642344 ], [ -73.399990757359447, 7.099213476018116 ], [ -73.401431935305013, 7.097342981964853 ], [ -73.404371276607435, 7.0953872599952 ], [ -73.414918569986327, 7.09199333195442 ], [ -73.424533748857669, 7.092431028960045 ], [ -73.437301561272804, 7.095415723297172 ], [ -73.44585214815686, 7.1000412542522 ], [ -73.460740197980613, 7.107135504778584 ], [ -73.462139054963956, 7.109408025884344 ], [ -73.459995445395279, 7.110733341990995 ], [ -73.459231681281054, 7.111817809882834 ], [ -73.459347154345494, 7.113405376924683 ], [ -73.458211546558871, 7.114673871286389 ], [ -73.458093644109994, 7.116001169422132 ], [ -73.455855670176575, 7.116232060234272 ], [ -73.454861245169567, 7.1171741551716 ], [ -73.45753315409307, 7.120419514553762 ], [ -73.459100322886812, 7.120425907617498 ], [ -73.459260814269101, 7.121371374720631 ], [ -73.462356717954364, 7.123144178777425 ], [ -73.463279470066638, 7.122917062297895 ], [ -73.463752043679392, 7.122145662432454 ], [ -73.465395699230669, 7.122459418858416 ], [ -73.466663237531833, 7.122091128991148 ], [ -73.467064201363769, 7.122979893210623 ], [ -73.468125055254532, 7.121800670869881 ], [ -73.469042140277892, 7.12219002771904 ], [ -73.469773137448698, 7.12321403839604 ], [ -73.470790018607232, 7.123096866602108 ], [ -73.468097468740751, 7.127350554142123 ], [ -73.464780845175781, 7.129665687658458 ], [ -73.461152755351819, 7.130711340472538 ], [ -73.457717491905839, 7.130613532878762 ], [ -73.454958798664109, 7.129572191043319 ], [ -73.452764599035589, 7.12787710642277 ], [ -73.446341732127621, 7.12563318862078 ], [ -73.438153607178606, 7.122892585237079 ], [ -73.435475514793524, 7.123153368906748 ], [ -73.43061496706936, 7.126787886346479 ], [ -73.425271935562535, 7.12900683191187 ], [ -73.404131574961127, 7.133871755214235 ], [ -73.3855340894264, 7.141389361156126 ], [ -73.368337741976561, 7.14678876715085 ], [ -73.362557213537428, 7.149048718706482 ], [ -73.359083441408828, 7.149748314305145 ], [ -73.348219360682478, 7.15459127405224 ], [ -73.329075988086757, 7.168924457897612 ], [ -73.326542101680815, 7.170256282502395 ], [ -73.322449929536987, 7.170652058720248 ], [ -73.307502514409293, 7.167701187088563 ], [ -73.305000618350377, 7.166141496215776 ], [ -73.294223345737421, 7.155563812225375 ], [ -73.286572699176617, 7.150722802893797 ], [ -73.273912484738574, 7.140149013401971 ], [ -73.265068486865232, 7.130521435759126 ], [ -73.260065969805325, 7.124209557951771 ], [ -73.255791658463409, 7.111298501918498 ], [ -73.253920234543017, 7.100467844933655 ], [ -73.247161053847606, 7.043387615805002 ], [ -73.243886485635372, 7.037369951528386 ], [ -73.231728606091579, 7.002055353883478 ], [ -73.228625842401087, 6.997285576616013 ], [ -73.164031191607833, 6.971421592839447 ], [ -73.13545415301104, 6.96871372639356 ], [ -73.125367622501486, 6.977374379054103 ], [ -73.121884366688647, 6.979027153495656 ], [ -73.151039693101808, 6.998367823855571 ], [ -73.165017833556988, 7.017301043999547 ], [ -73.178555883954459, 7.023239931842509 ], [ -73.194321221497418, 7.037786413144443 ], [ -73.206935848109865, 7.051377181387385 ], [ -73.208281093094172, 7.05463889643995 ], [ -73.209843268962075, 7.065142343850257 ], [ -73.20983886745401, 7.067502590500317 ], [ -73.209223115495874, 7.069781274460262 ], [ -73.204266708130177, 7.079434797697719 ], [ -73.202070308769038, 7.082452213592892 ], [ -73.198575645173605, 7.084613932910781 ], [ -73.196257454278353, 7.085070005571129 ], [ -73.193900092178964, 7.084911164924118 ], [ -73.191464967889246, 7.084097811794668 ], [ -73.189071461727266, 7.082377523487635 ], [ -73.187636732835813, 7.08050227646843 ], [ -73.18660337257721, 7.07774353494846 ], [ -73.186453363543308, 7.075388062062173 ], [ -73.186918732292824, 7.073074063266114 ], [ -73.191480739850704, 7.064798731158636 ], [ -73.190861509763238, 7.060615679534822 ], [ -73.187939579747805, 7.0574134837622 ], [ -73.181473212624667, 7.05052685959711 ], [ -73.168077968982857, 7.038127084920509 ], [ -73.155758971023019, 7.033096162995032 ], [ -73.153258355926113, 7.031535791741349 ], [ -73.138787856901061, 7.01191010025224 ], [ -73.107226739349287, 6.990877847117941 ], [ -73.114578850077521, 7.022901710336472 ], [ -73.121442860283523, 7.04397800038574 ], [ -73.121892578373632, 7.046811199205571 ], [ -73.121201204992275, 7.053242776855716 ], [ -73.119694378624899, 7.056789036982872 ], [ -73.117360676017313, 7.059436474744173 ], [ -73.114757532533346, 7.060819610244653 ], [ -73.111671926591114, 7.061287299220811 ], [ -73.10838562078203, 7.060598015571083 ], [ -73.105885062892327, 7.059037394364025 ], [ -73.104331050993039, 7.057259673654009 ], [ -73.103119839144398, 7.054574204712278 ], [ -73.102837840198063, 7.051242894566539 ], [ -73.103702738063248, 7.047960423588663 ], [ -73.097098454375384, 7.027615356989835 ], [ -73.090399075679315, 6.999141122204751 ], [ -73.084646661022276, 6.971017363343137 ], [ -73.077235445409059, 6.969424336132761 ], [ -73.066900706764457, 6.968516183009692 ], [ -73.062366695607594, 6.967379719912187 ], [ -73.059913258108651, 6.966097372276823 ], [ -73.05767089569882, 6.96391194325052 ], [ -73.053145243874738, 6.96202186895531 ], [ -73.046443128188116, 6.957675007186789 ], [ -73.044104453839097, 6.956957428408026 ], [ -73.042224982250346, 6.957686092549132 ], [ -73.041283941766565, 6.964116099815139 ], [ -73.0378429031515, 6.972112276766461 ], [ -73.036125413674498, 6.974436360592302 ], [ -73.033543704802909, 6.976380479756361 ], [ -73.029080852995435, 6.986044167846309 ], [ -73.027175362531153, 6.988078629287623 ], [ -73.025031640666967, 6.98939640710971 ], [ -73.017984278349573, 6.990810174116805 ], [ -73.017438352747178, 6.99520714057439 ], [ -73.016165002659804, 6.998054860164613 ], [ -73.014585397703769, 6.999833695639441 ], [ -73.010765788769291, 7.002769192523701 ], [ -73.005696835136689, 7.008213983989729 ], [ -73.004932941631608, 7.009864005666015 ], [ -73.000170009044936, 7.036432637927592 ], [ -73.001920382405572, 7.056780284869941 ], [ -73.00102582501637, 7.077082933702708 ], [ -72.999876618526045, 7.080823405584386 ], [ -72.993772691086136, 7.089635466373149 ], [ -72.989579106249295, 7.092737435038195 ], [ -72.988354976520228, 7.095162426341792 ], [ -72.986756041036827, 7.096967422697167 ], [ -72.980018955246237, 7.10135699825013 ], [ -72.973406284619386, 7.109992281400844 ], [ -72.969597784291892, 7.113844655875368 ], [ -72.956273977347777, 7.144360064268369 ], [ -72.94863212973344, 7.158248982864547 ], [ -72.943000353631845, 7.167097207680825 ], [ -72.942171129075035, 7.165591087198536 ], [ -72.942692524711347, 7.165690069115545 ], [ -72.942171129075149, 7.165591086293584 ], [ -72.9414429427664, 7.164136207356958 ], [ -72.940023666251236, 7.164213071175311 ], [ -72.938040715667654, 7.162473496580829 ], [ -72.935015427833122, 7.163636362931678 ], [ -72.933589637497391, 7.163793849842852 ], [ -72.931266293804796, 7.162644317761516 ], [ -72.927854274495857, 7.163829732548632 ], [ -72.92944699100785, 7.155505765934759 ], [ -72.939990188509128, 7.136430998119653 ], [ -72.954537638017499, 7.103210443527583 ], [ -72.956127908890437, 7.101274243196833 ], [ -72.958651421036947, 7.099422953503821 ], [ -72.967194930905151, 7.088394750118413 ], [ -72.973505497109159, 7.084069975653714 ], [ -72.976748478706952, 7.079731803161327 ], [ -72.980615898219497, 7.076982106537544 ], [ -72.983078711700074, 7.073366226102904 ], [ -72.983804601692185, 7.056907132544604 ], [ -72.982014776404753, 7.035475222485025 ], [ -72.987679187356548, 7.004165773067087 ], [ -72.990946969349096, 6.997561769496254 ], [ -73.000064160179292, 6.9881836947466 ], [ -73.001012849856622, 6.983350592990124 ], [ -73.00429656264005, 6.978536633564429 ], [ -73.009476865236337, 6.97438420940893 ], [ -73.015365044658736, 6.972889335565395 ], [ -73.01848493680663, 6.965782197889433 ], [ -73.020088919593547, 6.963809509998067 ], [ -73.022538005251192, 6.962002680627882 ], [ -73.02379143143088, 6.959140614463448 ], [ -73.024959293243285, 6.950307429468821 ], [ -73.026457381228212, 6.946888740666648 ], [ -73.028827548419954, 6.944144475231405 ], [ -73.031150903708607, 6.942603121584262 ], [ -73.041046934254055, 6.938769468460126 ], [ -73.044569593874257, 6.938390179455741 ], [ -73.054143034249705, 6.941228022336356 ], [ -73.061731358821405, 6.946053920888969 ], [ -73.067556962687632, 6.948511717333365 ], [ -73.070061435994731, 6.950667735476607 ], [ -73.080702424560684, 6.951668596578352 ], [ -73.0794139809895, 6.945327609725158 ], [ -73.077916609825877, 6.940680181211075 ], [ -73.069262922139245, 6.925161084487979 ], [ -73.061281278624165, 6.903065904618534 ], [ -73.06087335821438, 6.899680805949493 ], [ -73.091416379974675, 6.790405190719247 ], [ -73.089731100917035, 6.762254320364034 ], [ -73.087888778099966, 6.745646592526147 ], [ -73.086464061580031, 6.740823125542549 ], [ -73.084684200443235, 6.729940157219667 ], [ -73.082576326151866, 6.701961867823274 ], [ -73.079154383620505, 6.675561474647465 ], [ -73.079290777043624, 6.647643120440774 ], [ -73.104004991575536, 6.53615404181227 ], [ -73.111295118259889, 6.49477340940605 ], [ -73.112842849372512, 6.488131919263076 ], [ -73.114522769502642, 6.483885997850948 ], [ -73.11480351686015, 6.480957350837722 ], [ -73.116907188738011, 6.47466231074746 ], [ -73.127084839293431, 6.453714182091655 ], [ -73.133304565994351, 6.430466952426113 ], [ -73.125684101695626, 6.385002572787023 ], [ -73.126038646607398, 6.327710243755239 ], [ -73.127146282334337, 6.306858966144955 ], [ -73.155982178013673, 6.220759035571835 ], [ -73.157861391621552, 6.212872520992636 ], [ -73.182731702558087, 6.131923237824919 ], [ -73.195640527799839, 6.085964275117387 ], [ -73.203298487268967, 6.061089481859518 ], [ -73.213803246904874, 6.023903859664324 ], [ -73.214113294592138, 6.003572069072875 ], [ -73.207961641122978, 5.986722996660059 ], [ -73.20297661501337, 5.975527174019366 ], [ -73.177438037573438, 5.922850485964415 ], [ -73.168030225289456, 5.879275275287117 ], [ -73.158550796962828, 5.851107102366586 ], [ -73.157694566375156, 5.834266255089156 ], [ -73.139333767250065, 5.778264379225851 ], [ -73.137810865992421, 5.774399410689114 ], [ -73.129859710938376, 5.765327306644593 ], [ -73.128960863979444, 5.762988408173154 ], [ -73.128454435356076, 5.759135872663784 ], [ -73.121022306956093, 5.744035954648171 ], [ -73.120248332685165, 5.740937575155755 ], [ -73.114063699577599, 5.732901372936698 ], [ -73.106001443914323, 5.727971233619107 ], [ -73.095032373596624, 5.725690269472443 ], [ -73.070488366492825, 5.731853634520477 ], [ -73.066373303050455, 5.73437855758395 ], [ -73.062763722774264, 5.738286397752816 ], [ -73.057482951469595, 5.748708131320116 ], [ -73.055155943212611, 5.751356284174559 ], [ -73.052559846580095, 5.752740170208172 ], [ -73.045426709168282, 5.754798402193969 ], [ -73.040681037525459, 5.759337232531114 ], [ -73.037202783522901, 5.760791331127967 ], [ -73.021461520783021, 5.770806012954979 ], [ -73.018124154400851, 5.771933756533246 ], [ -72.994067300340276, 5.772175416277702 ], [ -72.991142381586045, 5.771690186066362 ], [ -72.988095474636111, 5.769920514676423 ], [ -72.975891215887742, 5.757380061330874 ], [ -72.964272755872145, 5.752654077975591 ], [ -72.945897522042358, 5.746570769015666 ], [ -72.940468435025551, 5.751394732542424 ], [ -72.925702153630525, 5.762959912499561 ], [ -72.911405887382884, 5.767863183697822 ], [ -72.902223379038858, 5.77029017487776 ], [ -72.90015854537782, 5.771925294836514 ], [ -72.897404071167344, 5.772957116685154 ], [ -72.895052352616332, 5.773106591797453 ], [ -72.89230145688866, 5.772499622506713 ], [ -72.890190204924863, 5.771451355526421 ], [ -72.888048014511227, 5.769433407061474 ], [ -72.886874066619242, 5.767387014240242 ], [ -72.886268936788554, 5.765106032893493 ], [ -72.886918311539191, 5.75839789155506 ], [ -72.889156672990453, 5.754309069369696 ], [ -72.892493775755028, 5.751924394990344 ], [ -72.895949437521963, 5.751243363461962 ], [ -72.899661626584688, 5.752057049170205 ], [ -72.905967502367247, 5.75061357735924 ], [ -72.910861616168745, 5.748587108983759 ], [ -72.91705468372929, 5.746882522426193 ], [ -72.932409046264979, 5.734519951127699 ], [ -72.936777991049354, 5.729523870767164 ], [ -72.938820943595118, 5.728347844527992 ], [ -72.9410981585754, 5.727741504239624 ], [ -72.943454454785567, 5.727746171535728 ], [ -72.949904291235029, 5.728906847426986 ], [ -72.958789686516326, 5.731612020183637 ], [ -72.970795076682165, 5.735790724938401 ], [ -72.985051798841525, 5.741616648397633 ], [ -72.9874389174595, 5.743336911122762 ], [ -72.997832292020234, 5.754048868423626 ], [ -73.014370474758437, 5.753860287315057 ], [ -73.028600832171179, 5.744844708358188 ], [ -73.030884301497196, 5.743810161843458 ], [ -73.036171001329777, 5.738920468459878 ], [ -73.043399228070228, 5.736569575725449 ], [ -73.047753094803454, 5.728096207553911 ], [ -73.054244233707308, 5.720903928912811 ], [ -73.062237309968907, 5.715710532874837 ], [ -73.064631466440858, 5.714682944502273 ], [ -73.092535312604738, 5.707674742781502 ], [ -73.095923967223698, 5.707482655597754 ], [ -73.112314657730039, 5.710883931813214 ], [ -73.124660352532985, 5.718222470906487 ], [ -73.127873039147104, 5.721099411556654 ], [ -73.133795898507955, 5.714960344985032 ], [ -73.138257551569964, 5.706186086867469 ], [ -73.140119471099254, 5.703573259372139 ], [ -73.139381968464548, 5.675535795233131 ], [ -73.149867256656293, 5.641517707641947 ], [ -73.156434354384487, 5.62731709245536 ], [ -73.156829414754171, 5.627389087030045 ], [ -73.156434355287359, 5.627317090645117 ], [ -73.15845626512646, 5.622807163768788 ], [ -73.178451835890129, 5.580092729949324 ], [ -73.206247955311255, 5.531291359934945 ], [ -73.228084326806538, 5.509432452681255 ], [ -73.272686870975519, 5.451148909057869 ], [ -73.281167246876905, 5.433025906214159 ], [ -73.289614843002198, 5.419090754897601 ], [ -73.292927850278346, 5.411639927317693 ], [ -73.298270890170514, 5.405229144141726 ], [ -73.30117246718028, 5.403069168963857 ], [ -73.313258954151181, 5.398048966712601 ], [ -73.315476599581714, 5.393528249587939 ], [ -73.321846324120088, 5.387325693766481 ], [ -73.353010854155585, 5.368983769175722 ], [ -73.366481790950544, 5.35412563186738 ], [ -73.370230894063155, 5.348293262432565 ], [ -73.397194554100565, 5.311029738640229 ], [ -73.406182594907648, 5.283984540266483 ], [ -73.403833216779617, 5.254991874830925 ], [ -73.406330015701286, 5.253883634585867 ], [ -73.406117721535153, 5.254899846645024 ], [ -73.409085655556723, 5.254488479563543 ], [ -73.4099886257831, 5.255226486429181 ], [ -73.413786216728923, 5.254985778126209 ], [ -73.414395996983927, 5.25536132424361 ], [ -73.416562158710178, 5.254886426366965 ], [ -73.417367367856812, 5.255496532750967 ], [ -73.417939696328261, 5.254759300359596 ], [ -73.419102261465582, 5.254632086793801 ], [ -73.420943029219856, 5.25346707013736 ], [ -73.421513847587178, 5.251054076372512 ], [ -73.422356109866442, 5.257610160736335 ], [ -73.424277598296698, 5.286188561267656 ], [ -73.413174953709117, 5.319644803447712 ], [ -73.385035285907989, 5.358637082193982 ], [ -73.380866924971485, 5.365077051944358 ], [ -73.365023510878871, 5.3825789026987 ], [ -73.332452126014928, 5.402065230752695 ], [ -73.33020163495334, 5.404284492277045 ], [ -73.327781293162417, 5.409835899260908 ], [ -73.325405532171786, 5.412226456689305 ], [ -73.310227807487209, 5.418956074245777 ], [ -73.308535618658311, 5.420901076154307 ], [ -73.305534842891802, 5.427630905146441 ], [ -73.297093196590907, 5.44156308064674 ], [ -73.287754216637495, 5.461169677635976 ], [ -73.241784390134015, 5.521224569105723 ], [ -73.221199693709451, 5.541481733683106 ], [ -73.194537383808012, 5.588317994647329 ], [ -73.166646322530369, 5.648221313976724 ], [ -73.157373466008451, 5.678322937300182 ], [ -73.15821026047756, 5.704625124321335 ], [ -73.157469219380999, 5.709703590170088 ], [ -73.15650135779714, 5.71178454047396 ], [ -73.153819506068629, 5.71541405306625 ], [ -73.148584202548747, 5.725498435475039 ], [ -73.140061037203097, 5.734524590290476 ], [ -73.150037783467297, 5.742653367379774 ], [ -73.155904253672247, 5.752508998925201 ], [ -73.163343005164577, 5.756556610442242 ], [ -73.169160478604013, 5.763662543563205 ], [ -73.170337903247301, 5.766987894341303 ], [ -73.172990553780707, 5.789482263670834 ], [ -73.181770018072413, 5.809013231409256 ], [ -73.20368589351348, 5.827102728877236 ], [ -73.205503150621865, 5.829215591395115 ], [ -73.206724514070018, 5.83240622554885 ], [ -73.207033723732408, 5.837645790686581 ], [ -73.209937947093394, 5.842520135797354 ], [ -73.224249959334585, 5.876602436178396 ], [ -73.248038058774327, 5.914737050668007 ], [ -73.3035568987506, 5.957246553757495 ], [ -73.347672484383139, 6.005496996682903 ], [ -73.349646713420569, 6.009179355669522 ], [ -73.35556212015716, 6.033458758096923 ], [ -73.355804528285077, 6.035873519861142 ], [ -73.348076469477604, 6.064747338215083 ], [ -73.335809465541971, 6.098056809794414 ], [ -73.322723321397106, 6.150891181975138 ], [ -73.311009200327135, 6.21007518047867 ], [ -73.305688355334595, 6.234226330424693 ], [ -73.298814931343756, 6.30194974314646 ], [ -73.295252874303927, 6.310871763572433 ], [ -73.291666322779719, 6.314335915139164 ], [ -73.283213883476492, 6.324579504565857 ], [ -73.272497372127546, 6.347776857610642 ], [ -73.258966057666044, 6.373216051214539 ], [ -73.255058757985537, 6.403251408045783 ], [ -73.254962762796481, 6.410205728022846 ], [ -73.248448056303999, 6.453161966057275 ], [ -73.249604437501162, 6.465563491408881 ], [ -73.247454231060146, 6.471996782123291 ], [ -73.245589289855971, 6.474993566941787 ], [ -73.231720160562617, 6.489112921013688 ], [ -73.210502017047574, 6.505987359236273 ], [ -73.206118509063884, 6.51049583698953 ], [ -73.19428900202989, 6.520779579083556 ], [ -73.190599978058501, 6.529157181589937 ], [ -73.188947067099591, 6.535449678234158 ], [ -73.18297454614607, 6.547842002073503 ], [ -73.183518617061921, 6.557705899470806 ], [ -73.183235808223543, 6.560199092323669 ], [ -73.173688431031053, 6.584785523322187 ], [ -73.172510178850445, 6.586833236069142 ], [ -73.162466598823514, 6.599298196152929 ], [ -73.151463092680444, 6.626032481311511 ], [ -73.148762997509735, 6.629183159705322 ], [ -73.12123528356706, 6.654635012655231 ], [ -73.103605359423696, 6.68217177363411 ], [ -73.103044393614937, 6.687518291403828 ], [ -73.10788541891533, 6.706039364060161 ], [ -73.108060932058805, 6.727739184379017 ], [ -73.10552303110741, 6.73948410095359 ], [ -73.107777539766033, 6.754065074882176 ], [ -73.111237638121906, 6.764408916492076 ], [ -73.112124672143125, 6.776211786686639 ], [ -73.118606695070071, 6.799611284895416 ], [ -73.120481196326125, 6.811142763553212 ], [ -73.114380725853323, 6.851728329383699 ], [ -73.094434336863372, 6.885076765654086 ], [ -73.08948350321225, 6.890325426205785 ], [ -73.08613381480825, 6.904782765940682 ], [ -73.086703965486038, 6.917593458078827 ], [ -73.087474436007284, 6.919465282523512 ], [ -73.087957675899588, 6.920411555082294 ], [ -73.101085796450661, 6.931551271206061 ], [ -73.10266928069089, 6.93352598363416 ], [ -73.106380411917527, 6.942358879418968 ], [ -73.108481766421562, 6.95459230202407 ], [ -73.119548804495878, 6.949438864487664 ], [ -73.129595280999411, 6.950022194031483 ], [ -73.161307996560964, 6.933257116686532 ], [ -73.166110302605972, 6.930269250312571 ], [ -73.173010989084005, 6.92728100001671 ], [ -73.177125587948083, 6.921155964014424 ], [ -73.179935536523899, 6.918842378252664 ], [ -73.191991986368166, 6.913089814502314 ], [ -73.213033512965268, 6.906276055721036 ], [ -73.215483104976883, 6.905836568082396 ], [ -73.217995378083955, 6.906089338640383 ], [ -73.232018345633421, 6.911417910328278 ], [ -73.241032068283303, 6.912780256617138 ], [ -73.255794031461789, 6.907331186379756 ], [ -73.264274815875453, 6.895598984295069 ], [ -73.271835589432527, 6.876481702153248 ], [ -73.275375016663702, 6.870529172860325 ], [ -73.28880852550256, 6.859842074537423 ], [ -73.291229094977496, 6.859040030316114 ], [ -73.301727446793564, 6.857542808383635 ], [ -73.304910655545157, 6.857700998222038 ], [ -73.307837313369248, 6.858948204881612 ], [ -73.330304275682508, 6.876391869286531 ], [ -73.337473688488828, 6.885797279590423 ], [ -73.338336679445845, 6.887995373531164 ], [ -73.338624398691081, 6.890498916556852 ], [ -73.348741972606376, 6.910582401639379 ], [ -73.365964527560152, 6.913367972198227 ], [ -73.369798584632235, 6.913457713399974 ], [ -73.374512347245954, 6.914891919602538 ], [ -73.387958190575731, 6.915382581810057 ], [ -73.39834198509233, 6.91892093140619 ], [ -73.40626970938051, 6.919761032733556 ], [ -73.416808143514942, 6.916770904153539 ], [ -73.424676856297324, 6.913264828298477 ], [ -73.436513529213784, 6.904528443744326 ], [ -73.446500485960129, 6.895505767221628 ], [ -73.469448702098148, 6.871435658252826 ], [ -73.508631682259221, 6.84616798116733 ], [ -73.551364232503516, 6.822934830535746 ], [ -73.55354377744456, 6.82224383626008 ], [ -73.557769186281178, 6.821814770664338 ], [ -73.597072860491735, 6.819366249467302 ], [ -73.667778208527423, 6.77547096068154 ], [ -73.691785271769135, 6.770339178642571 ], [ -73.732190728044401, 6.76060860152948 ], [ -73.747936538477973, 6.757644023737576 ], [ -73.79005858147741, 6.748572976695292 ], [ -73.879818948119649, 6.683356080949336 ], [ -73.891743382281362, 6.678607909958692 ], [ -73.936683149152017, 6.635192241481371 ], [ -73.977941054106509, 6.602486674593025 ], [ -73.982334026908845, 6.599478736348528 ], [ -74.023778523814599, 6.565240360797342 ], [ -74.035120777309089, 6.557008326098898 ], [ -74.04924763082667, 6.54277782825241 ], [ -74.052992051643372, 6.536538179954293 ], [ -74.066623389591001, 6.523926163231263 ], [ -74.071602424925459, 6.516791179814054 ], [ -74.073827302111255, 6.514737003239151 ], [ -74.07660535753854, 6.513532734161826 ], [ -74.084512203555462, 6.512210550268798 ], [ -74.087702036130338, 6.513043587497664 ], [ -74.09238783400022, 6.515856966901497 ], [ -74.098766091604034, 6.514505809959417 ], [ -74.119103557324934, 6.507615300545309 ], [ -74.121809782583441, 6.507213216282315 ], [ -74.145110926729899, 6.489568087225277 ], [ -74.159650281910487, 6.484821867470886 ], [ -74.20996919099214, 6.471338722355364 ], [ -74.23329129606249, 6.459400713368894 ], [ -74.281835657374614, 6.377888514806738 ], [ -74.287353508805737, 6.367089750314524 ], [ -74.290879906004619, 6.36249084399838 ], [ -74.300428824074544, 6.346281104306986 ], [ -74.299966706427057, 6.341476067173826 ], [ -74.301184172716219, 6.33763341235281 ], [ -74.310235568190436, 6.327110073847396 ], [ -74.321043061095494, 6.272576421974548 ], [ -74.323423477431703, 6.26383530142818 ], [ -74.328957210154641, 6.17815127907505 ], [ -74.328823832055207, 6.142583343898028 ], [ -74.327955477804537, 6.124824981301448 ], [ -74.32931739847983, 6.115327175754286 ], [ -74.330413870139523, 6.115423908109176 ], [ -74.331980702020587, 6.116921385545887 ], [ -74.333922528566006, 6.117640519433882 ], [ -74.334703040572819, 6.116957286265706 ], [ -74.337040933016837, 6.116813253977013 ], [ -74.339191369011971, 6.115899382874289 ], [ -74.340042633288249, 6.116566161086639 ], [ -74.340208286148339, 6.11808551516988 ], [ -74.343537747451222, 6.116040880881624 ], [ -74.34415871810009, 6.115174402567785 ], [ -74.345721427038555, 6.114769978956876 ], [ -74.347544777976196, 6.115609757817011 ], [ -74.346062124372722, 6.125264771195738 ], [ -74.346891495274221, 6.142262352237358 ], [ -74.347052961705501, 6.176150935449781 ], [ -74.346713852952206, 6.18431743873449 ], [ -74.341370952002464, 6.266192106674229 ], [ -74.337306985504, 6.283293529984107 ], [ -74.342152328758388, 6.279110154936308 ], [ -74.346066879781205, 6.277773986571367 ], [ -74.356340747061893, 6.278239482784462 ], [ -74.365795919201389, 6.279165418333148 ], [ -74.36909873188803, 6.279961737118581 ], [ -74.391382783489362, 6.260582154930742 ], [ -74.394980999331963, 6.258752335918695 ], [ -74.432396083942251, 6.258715388560613 ], [ -74.442404715770365, 6.25777255329553 ], [ -74.449819093762997, 6.25317897838115 ], [ -74.477493572757709, 6.242261215657265 ], [ -74.491491433369973, 6.239246317251557 ], [ -74.500665693549081, 6.235648620545224 ], [ -74.556849543182992, 6.220682886986045 ], [ -74.559643837649531, 6.220432765073012 ], [ -74.562244867608385, 6.220999982939925 ], [ -74.564571290974342, 6.222303008879909 ], [ -74.566545172233717, 6.224340604813912 ], [ -74.611968792914411, 6.216383925708367 ], [ -74.6139651780327, 6.211368676755147 ], [ -74.615546404102176, 6.209094246849803 ], [ -74.628734353102899, 6.198557510628447 ], [ -74.637612559058113, 6.178174690778358 ], [ -74.643399624294062, 6.155259803896988 ], [ -74.641841268150728, 6.126136906677004 ], [ -74.64256382734844, 6.123795740006376 ], [ -74.653111211202855, 6.101066969526028 ], [ -74.658229845779374, 6.065433804152036 ], [ -74.659587503270913, 6.062877707368886 ], [ -74.663706075259682, 6.058122423755306 ], [ -74.683207246291502, 6.022653835750405 ], [ -74.683323910391977, 6.00672997966901 ], [ -74.684438364757824, 6.002885034695409 ], [ -74.702628965387262, 5.982980203783103 ], [ -74.702903615976012, 5.977720607938388 ], [ -74.702352187713402, 5.967136736120781 ], [ -74.703246244821045, 5.95799057394707 ], [ -74.700898937918055, 5.940673389906848 ], [ -74.701197366173687, 5.93212595809652 ], [ -74.696535939978176, 5.891515525456827 ], [ -74.694169630432071, 5.875265595775823 ], [ -74.694070102953475, 5.858356608870413 ], [ -74.694633294155537, 5.852125695791491 ], [ -74.69389064266106, 5.833463017253855 ], [ -74.691230550670241, 5.821222275339297 ], [ -74.689337883553009, 5.814717204980659 ], [ -74.682880066544314, 5.782572140730453 ], [ -74.680933524325312, 5.775597586547764 ], [ -74.678006722097891, 5.748692403373908 ], [ -74.678196373794023, 5.745942287664781 ], [ -74.68351139771903, 5.724888830333202 ], [ -74.683452743847624, 5.721982281230719 ], [ -74.682408190303718, 5.712566463038375 ], [ -74.676474604047797, 5.696365723675762 ], [ -74.674355772037543, 5.681809485439097 ], [ -74.675072752633625, 5.681947372392425 ], [ -74.674355771121412, 5.681809480918644 ], [ -74.672549799272986, 5.673674413642109 ], [ -74.672364794925386, 5.672485905074627 ], [ -74.674157845674785, 5.634312800817677 ], [ -74.674247293704042, 5.61800852036768 ], [ -74.680468850866021, 5.580925795594289 ], [ -74.684080904987653, 5.568029901114205 ], [ -74.685079165460408, 5.55930444200614 ], [ -74.688610566725757, 5.542318485183436 ], [ -74.688852973204547, 5.517567924917344 ], [ -74.69300838956957, 5.494092412494539 ], [ -74.69136035321749, 5.487600259049771 ], [ -74.692237398789416, 5.483036952872505 ], [ -74.69223010647832, 5.475005681404972 ], [ -74.690337470610459, 5.471750552043789 ], [ -74.689605665466573, 5.469464971743581 ], [ -74.689422519838843, 5.465959800842011 ], [ -74.687504603681958, 5.455867099758556 ], [ -74.687409327109847, 5.447061479236327 ], [ -74.68926703121322, 5.44311680679335 ], [ -74.704731903573062, 5.426385559232602 ], [ -74.707530623246214, 5.420929370513075 ], [ -74.710709803366711, 5.418167166751309 ], [ -74.712718270961631, 5.413030068061084 ], [ -74.72602574495518, 5.386011018907054 ], [ -74.729816765771503, 5.36115350437897 ], [ -74.740009698171789, 5.304964142456243 ], [ -74.74205097286216, 5.282400671202427 ], [ -74.73683337873041, 5.274312445480687 ], [ -74.709885790584821, 5.217244621529765 ], [ -74.660017220149811, 5.186054474190933 ], [ -74.625258739553033, 5.160857378663563 ], [ -74.595411694349224, 5.126224463757063 ], [ -74.569192878254498, 5.111461487175161 ], [ -74.556340473562813, 5.103211481070066 ], [ -74.54942523302249, 5.098450438245367 ], [ -74.515966791560729, 5.072825551344578 ], [ -74.490542082889903, 5.06268852262929 ], [ -74.47870381994673, 5.055048670886955 ], [ -74.459028508584254, 5.028016176722756 ], [ -74.458643836310202, 5.025150362942447 ], [ -74.461192679064212, 5.022740672344544 ], [ -74.464105872531022, 5.015985689065475 ], [ -74.463667456725517, 5.013154978028043 ], [ -74.464443827989285, 5.011775496518644 ], [ -74.467457066098063, 5.008852141062798 ], [ -74.49132122506974, 5.041892245908862 ], [ -74.498525164818034, 5.046430621776713 ], [ -74.517041084202418, 5.053587790322396 ], [ -74.525273057170622, 5.057254473833052 ], [ -74.560146167776665, 5.083901479925988 ], [ -74.566390070424703, 5.088193558009342 ], [ -74.578291407122265, 5.095845819236751 ], [ -74.606397861326144, 5.111722367214655 ], [ -74.636937966330706, 5.14698164309524 ], [ -74.669998324677408, 5.170986240981692 ], [ -74.721857075493745, 5.203399410099486 ], [ -74.72422674212163, 5.205666525305057 ], [ -74.752817130338343, 5.265902200884201 ], [ -74.759284796987203, 5.275983099343401 ], [ -74.760036664567949, 5.278392887660096 ], [ -74.760241749433746, 5.281635364372395 ], [ -74.757908469801478, 5.307322864652349 ], [ -74.747613339634626, 5.364151425068488 ], [ -74.743519158333839, 5.390806254681022 ], [ -74.728220171353044, 5.422603312949586 ], [ -74.738744650764346, 5.431390757432892 ], [ -74.748018146292409, 5.443054075971953 ], [ -74.752575940456779, 5.447811841690902 ], [ -74.75903108475768, 5.45153304618817 ], [ -74.763317905136716, 5.454811102531066 ], [ -74.768415917384218, 5.455679935141735 ], [ -74.770593153788184, 5.456580751251895 ], [ -74.780171846709578, 5.463947937680788 ], [ -74.789612720613349, 5.476556059035955 ], [ -74.805543926926177, 5.494687534664394 ], [ -74.81338916220696, 5.499759163851054 ], [ -74.815537319452687, 5.501770263569027 ], [ -74.822877338067499, 5.513539664295942 ], [ -74.824268455086951, 5.522508284571776 ], [ -74.833612762275379, 5.538077698049468 ], [ -74.850347068893214, 5.545179692414465 ], [ -74.850841669041472, 5.539580846360476 ], [ -74.851719309398064, 5.536942676059898 ], [ -74.855269846028023, 5.532630874904401 ], [ -74.858333176345766, 5.52984853587422 ], [ -74.860819714161948, 5.52844423506733 ], [ -74.866550226176088, 5.526903906769433 ], [ -74.870943861623047, 5.524129078911109 ], [ -74.879899306876453, 5.521702549795888 ], [ -74.882161220552447, 5.493826606348225 ], [ -74.883597059294758, 5.48139449196361 ], [ -74.885573822201493, 5.472035736819054 ], [ -74.887627053968686, 5.467650945137508 ], [ -74.895551876348009, 5.455234082140408 ], [ -74.897209416185632, 5.449165015730753 ], [ -74.895265184968665, 5.445387218384753 ], [ -74.894638444604183, 5.439968582350033 ], [ -74.894429818996699, 5.434818383436402 ], [ -74.895488621727068, 5.426480775927528 ], [ -74.891928537466598, 5.418545422620562 ], [ -74.891369296376638, 5.416227023223948 ], [ -74.892690347238869, 5.405361382763562 ], [ -74.898112464054805, 5.391559618833316 ], [ -74.91971896057342, 5.366286581247916 ], [ -74.92629534685878, 5.355122102530018 ], [ -74.928948317392283, 5.342842611528646 ], [ -74.931204169085163, 5.337864401548836 ], [ -74.935046767808331, 5.331208564861293 ], [ -74.939428284689455, 5.327826137075765 ], [ -74.940264015575394, 5.326593835056358 ], [ -74.941276025099867, 5.323246917812713 ], [ -74.940527720701454, 5.31953077204509 ], [ -74.939843004867768, 5.296796708890033 ], [ -74.935036896444416, 5.283524713009436 ], [ -74.93136020223703, 5.275834188768779 ], [ -74.922841150512156, 5.264577125400375 ], [ -74.916655842327415, 5.251921862652186 ], [ -74.9085899667311, 5.237796326165778 ], [ -74.901242766775795, 5.217807592132725 ], [ -74.901245943520479, 5.214399415864778 ], [ -74.903437491424199, 5.205942850123788 ], [ -74.905539110809187, 5.202973829566669 ], [ -74.910521682958461, 5.199680675259255 ], [ -74.911054901580101, 5.198913783990782 ], [ -74.912085405824612, 5.193630913754121 ], [ -74.914326681185486, 5.187598310502226 ], [ -74.912822403007894, 5.181550415143178 ], [ -74.910981716143553, 5.156704654442589 ], [ -74.909745867038311, 5.150875530736919 ], [ -74.90439857446151, 5.147506651632726 ], [ -74.896526262420579, 5.145095399892877 ], [ -74.892327251448535, 5.142865272705898 ], [ -74.88833228580657, 5.138403083843061 ], [ -74.887431628963441, 5.13633179007552 ], [ -74.887066512293018, 5.133907285560318 ], [ -74.8896395152357, 5.124387990478509 ], [ -74.890652352363844, 5.12401875527902 ], [ -74.891209903223782, 5.124546523522304 ], [ -74.890924613003335, 5.125030762125525 ], [ -74.892174356101378, 5.126039685447216 ], [ -74.893752036172884, 5.125746696651694 ], [ -74.893312938305101, 5.12788445439169 ], [ -74.892266189143598, 5.128966882776158 ], [ -74.893353673556888, 5.130699323294758 ], [ -74.895259837136379, 5.13113130209032 ], [ -74.894483602803248, 5.132367062960602 ], [ -74.895280120415052, 5.13363002965079 ], [ -74.895069706420401, 5.134844564881861 ], [ -74.896299356778172, 5.134383292048079 ], [ -74.897886233231361, 5.136168092176775 ], [ -74.89855817407728, 5.136049391869252 ], [ -74.898387510387536, 5.136904789556559 ], [ -74.898906077084249, 5.137283325527156 ], [ -74.900005956893295, 5.136999215621652 ], [ -74.900197645009683, 5.136220434301994 ], [ -74.90304763495655, 5.134346504503692 ], [ -74.903423739670117, 5.134542164537899 ], [ -74.902494276896448, 5.132375167151942 ], [ -74.902734312688153, 5.13078093310261 ], [ -74.90433353838921, 5.129810068648752 ], [ -74.903676846441371, 5.128320838532228 ], [ -74.904424959072259, 5.127559860782815 ], [ -74.904761121603514, 5.12642023681812 ], [ -74.90444784090981, 5.124964222457109 ], [ -74.904972661383241, 5.124208035282227 ], [ -74.903254603121695, 5.122601757271851 ], [ -74.904105372664461, 5.121948034783757 ], [ -74.904253742650283, 5.121150773677742 ], [ -74.905597580908577, 5.120913396840114 ], [ -74.90328229092141, 5.119645628033271 ], [ -74.903059806027656, 5.118704121876665 ], [ -74.9017572642353, 5.118024759327068 ], [ -74.902085466323712, 5.11712197718762 ], [ -74.901287945683507, 5.115779726978178 ], [ -74.901788970977393, 5.114700426584311 ], [ -74.901084128802509, 5.11404859169617 ], [ -74.905760865154477, 5.112350357335168 ], [ -74.914172523863456, 5.112138102842261 ], [ -74.941553348813301, 5.116902644438581 ], [ -74.950587161529029, 5.117325557553206 ], [ -74.958094245807686, 5.11826635561884 ], [ -74.975085182938088, 5.117622695600274 ], [ -74.98579934083206, 5.113710535804027 ], [ -75.027675649051659, 5.102129149528388 ], [ -75.060245782430869, 5.091474010360823 ], [ -75.08858761529423, 5.083719521196518 ], [ -75.10067824282352, 5.0776401139886 ], [ -75.10675754645041, 5.073110188767689 ], [ -75.11951600917439, 5.065673493037738 ], [ -75.121621402241146, 5.064848444158317 ], [ -75.125735827995513, 5.064779024337411 ], [ -75.140280110657216, 5.068906985033866 ], [ -75.151454269952325, 5.071023502748927 ], [ -75.163084275318511, 5.070090791059926 ], [ -75.168399261178848, 5.067725187648009 ], [ -75.176498358609493, 5.066310467032288 ], [ -75.207346923319591, 5.055814198851233 ], [ -75.214994731477091, 5.050801439584102 ], [ -75.217450384344957, 5.0498093278201 ], [ -75.220469003046958, 5.04960572432354 ], [ -75.229208110159334, 5.05100343756046 ], [ -75.23875313371876, 5.050273942486471 ], [ -75.251404952671678, 5.047456020186744 ], [ -75.259988664306334, 5.046172887993863 ], [ -75.272795008052995, 5.041163241643231 ], [ -75.32029191237848, 5.011884238198966 ], [ -75.335138953035568, 5.005718916654391 ], [ -75.337894269526629, 5.005644528098535 ], [ -75.346944933812296, 5.007097781127521 ], [ -75.361646476636409, 5.011050815014899 ], [ -75.370540337219296, 5.014712530233184 ], [ -75.380680520868125, 5.017311890724002 ], [ -75.392586792276049, 5.021890462833242 ], [ -75.403776978937032, 5.024397724727026 ], [ -75.422177784783145, 5.020898014019131 ], [ -75.442967148831656, 5.00803612743945 ], [ -75.446074081490494, 5.007633235604232 ], [ -75.454059047835202, 5.008613402816663 ], [ -75.453431900603022, 5.010172953185557 ], [ -75.452236998718718, 5.011308618814737 ], [ -75.449361736040387, 5.015804126770515 ], [ -75.451917082406823, 5.01852469911728 ], [ -75.451516689282215, 5.019059179112229 ], [ -75.452946752858352, 5.021685380588377 ], [ -75.45161797696629, 5.023271510038272 ], [ -75.450342461972227, 5.02635870229533 ], [ -75.447737501775762, 5.026013178453249 ], [ -75.430114827965994, 5.037310363396772 ], [ -75.427354872969445, 5.038414977948104 ], [ -75.407359807054377, 5.042262860181587 ], [ -75.401472798693305, 5.042436924872836 ], [ -75.392551153867331, 5.040128476082851 ], [ -75.387776340377869, 5.039365924845846 ], [ -75.374982023073784, 5.034495285629948 ], [ -75.36478775208154, 5.031875221770508 ], [ -75.35636411782032, 5.028349849035084 ], [ -75.343212158301853, 5.024798101899553 ], [ -75.337870219969517, 5.023939466384276 ], [ -75.329093050720545, 5.027704071945683 ], [ -75.281218180120689, 5.057188216299326 ], [ -75.264996588209229, 5.06360472769051 ], [ -75.254781571612313, 5.065224263637565 ], [ -75.24088406638036, 5.068243034836008 ], [ -75.228878885566274, 5.06913105536923 ], [ -75.221593854320346, 5.068223527934198 ], [ -75.215124569622489, 5.072179521186518 ], [ -75.205002263461282, 5.075907605306846 ], [ -75.181214611123949, 5.083798941740318 ], [ -75.173780430951609, 5.085068902260864 ], [ -75.166603266409226, 5.087948216764774 ], [ -75.150026338364398, 5.089121797629464 ], [ -75.136348353088707, 5.086561287067429 ], [ -75.124969047489074, 5.083411337030752 ], [ -75.1164208376414, 5.088396176336238 ], [ -75.109959948505889, 5.093181559897206 ], [ -75.094815159872439, 5.100717038355294 ], [ -75.065474554238648, 5.108783368591416 ], [ -75.032641866989465, 5.119513700184734 ], [ -74.991084587006057, 5.131004182502632 ], [ -74.978949832685274, 5.135392601958114 ], [ -74.957064033525953, 5.136349397359907 ], [ -74.949258890686053, 5.135371735066763 ], [ -74.939258750047443, 5.134853248032392 ], [ -74.915269073265407, 5.130549157451659 ], [ -74.909885706431581, 5.130265933242948 ], [ -74.917074900654441, 5.134018767703989 ], [ -74.922883394456591, 5.138124348395477 ], [ -74.924809261224993, 5.140539856964869 ], [ -74.927185819196978, 5.145920087963393 ], [ -74.928902836564006, 5.154500992623862 ], [ -74.930712473589779, 5.179024473482872 ], [ -74.932490789845957, 5.186406295445221 ], [ -74.932613133831765, 5.189146627496831 ], [ -74.929462384956835, 5.198637587275288 ], [ -74.927655685823254, 5.206507793084607 ], [ -74.923516082399658, 5.212442599874898 ], [ -74.919504905456847, 5.215624416964719 ], [ -74.92482161662231, 5.229841264268298 ], [ -74.932609650602927, 5.243471663683675 ], [ -74.938346339778164, 5.255246519215643 ], [ -74.946731952205695, 5.266278523415476 ], [ -74.951851486809744, 5.276956986285261 ], [ -74.957641273140112, 5.293337466219917 ], [ -74.958524949116438, 5.317815535203939 ], [ -74.959635412500049, 5.323793713225915 ], [ -74.956359965539903, 5.334967743766629 ], [ -74.952579601293778, 5.340454998697655 ], [ -74.948819705496987, 5.343276241314023 ], [ -74.946153253594716, 5.34842972435384 ], [ -74.943574441890348, 5.360565173899022 ], [ -74.942678244666411, 5.362879198505811 ], [ -74.934256235704609, 5.377066780540675 ], [ -74.913390126925108, 5.401423450368092 ], [ -74.910158689301525, 5.410089912913679 ], [ -74.909666451424016, 5.413995793221472 ], [ -74.911225995831586, 5.417367670338397 ], [ -74.910920774592526, 5.420771782402489 ], [ -74.912715893647885, 5.423873041070758 ], [ -74.91376860242481, 5.424654710667527 ], [ -74.912490692166898, 5.435696548566814 ], [ -74.912634300497913, 5.438624052266172 ], [ -74.912744666087562, 5.439955683130652 ], [ -74.915018410207324, 5.4440203501325 ], [ -74.915148726448294, 5.451125614772995 ], [ -74.914684321905611, 5.45433579402916 ], [ -74.911912085819012, 5.463143666299199 ], [ -74.902892430985034, 5.477339988065026 ], [ -74.901428811090128, 5.484252953549633 ], [ -74.89975260400189, 5.503231455637728 ], [ -74.898711615644785, 5.504306095018626 ], [ -74.898038098822383, 5.506164198373793 ], [ -74.899232795817326, 5.508901931982123 ], [ -74.897532713626674, 5.528376186066763 ], [ -74.89687190303782, 5.530942089894999 ], [ -74.894895957162248, 5.533861697663055 ], [ -74.89050529690374, 5.537375092618525 ], [ -74.878040828357513, 5.540901142833168 ], [ -74.873927965008349, 5.543595938189594 ], [ -74.868469100723658, 5.54503475258035 ], [ -74.868302636328764, 5.54705316564715 ], [ -74.868683526373616, 5.547650702506062 ], [ -74.875664492742914, 5.551310021839323 ], [ -74.881906587336758, 5.553795802576094 ], [ -74.885469991956498, 5.552790198585792 ], [ -74.889514580485439, 5.553453572782727 ], [ -74.892275286408008, 5.555116796328671 ], [ -74.895809662288016, 5.558916865886614 ], [ -74.897746671300467, 5.562535711356024 ], [ -74.89788645720067, 5.566639730360166 ], [ -74.895814018639555, 5.571067198986301 ], [ -74.893169838176803, 5.573397030862147 ], [ -74.889249404163422, 5.574594479778556 ], [ -74.883909402161009, 5.574183525749533 ], [ -74.865049462455872, 5.568257001139201 ], [ -74.852434331174152, 5.565561372912962 ], [ -74.821988389098465, 5.552472639167187 ], [ -74.819823201972355, 5.550088921395361 ], [ -74.807425616610317, 5.529389660242066 ], [ -74.806665643638937, 5.527155395526086 ], [ -74.805817583299529, 5.520072179628012 ], [ -74.801863023078823, 5.51382838339413 ], [ -74.792881558244972, 5.507630390073568 ], [ -74.775742902799834, 5.488131929193882 ], [ -74.767296133150666, 5.476745804461872 ], [ -74.762405365769837, 5.472981790624244 ], [ -74.757229538234071, 5.472098465473972 ], [ -74.755052257104253, 5.471197606582584 ], [ -74.749048589457303, 5.466621496810286 ], [ -74.741283431765979, 5.462079167784997 ], [ -74.734280798301171, 5.454819375098971 ], [ -74.726008198952528, 5.444259325004078 ], [ -74.72001960752776, 5.439340192810425 ], [ -74.720302922748985, 5.438741539564366 ], [ -74.714040700124798, 5.451713921665609 ], [ -74.712034727529343, 5.496506669214349 ], [ -74.71247082262505, 5.508186569920146 ], [ -74.728987784583524, 5.68695720930025 ], [ -74.731353921381725, 5.705988470232839 ], [ -74.731821083166395, 5.717569241778872 ], [ -74.744851617270854, 5.746935743158482 ], [ -74.750065778122732, 5.791473428203955 ], [ -74.749557267467679, 5.79447799568426 ], [ -74.719791313001451, 5.878880311135338 ], [ -74.722729966110151, 5.992814220993505 ], [ -74.72711997515475, 6.045532748786112 ], [ -74.754034882139266, 6.084382957770611 ], [ -74.791340388542835, 6.156180298597079 ], [ -74.805430850644456, 6.172479018507184 ], [ -74.807403288624783, 6.176069419156448 ], [ -74.808578621543148, 6.173403547375565 ], [ -74.810334293708621, 6.171277378636112 ], [ -74.818172459142531, 6.16642235317121 ], [ -74.821132897162244, 6.165958227477155 ], [ -74.835768557431322, 6.166568937025065 ], [ -74.838179873787368, 6.167053518551813 ], [ -74.865678170062324, 6.17672292702317 ], [ -74.930744804234848, 6.184463179521533 ], [ -74.960670793829252, 6.178246325883871 ], [ -75.022975813617435, 6.157092119068134 ], [ -75.063381037931535, 6.151371487162577 ], [ -75.067379129136654, 6.149362105559254 ], [ -75.075802376502423, 6.14619894541929 ], [ -75.100426979189237, 6.132383474870049 ], [ -75.13221795737023, 6.106950881830563 ], [ -75.149916119079748, 6.09396238683206 ], [ -75.175203033429042, 6.08129375369615 ], [ -75.201539124655625, 6.07615764591139 ], [ -75.218518100046623, 6.072104017970518 ], [ -75.230441921539509, 6.068391653126937 ], [ -75.242800208149447, 6.065258076321403 ], [ -75.259915765296412, 6.05919315612602 ], [ -75.285738626937174, 6.045457585906274 ], [ -75.296575574024729, 6.037311599472853 ], [ -75.310863250498343, 6.028616083934969 ], [ -75.324145693913508, 6.007739284490122 ], [ -75.334115952215441, 5.978322958871005 ], [ -75.334855514610979, 5.964413819861055 ], [ -75.343496038751795, 5.948352220110954 ], [ -75.355742747438271, 5.89968248834473 ], [ -75.373147941145533, 5.858531027824179 ], [ -75.375527256034317, 5.854558734280279 ], [ -75.38611799785005, 5.837735996294987 ], [ -75.390800798962175, 5.831415508663006 ], [ -75.395223113506447, 5.826238284086886 ], [ -75.403317528366202, 5.818629742074267 ], [ -75.407203678627752, 5.81321456996255 ], [ -75.41634499065691, 5.805101007341254 ], [ -75.427843630904206, 5.793043353072051 ], [ -75.452738251966679, 5.774619675306394 ], [ -75.461943882982908, 5.762865814924437 ], [ -75.462914475031212, 5.765445266487363 ], [ -75.461615401640174, 5.769148669542759 ], [ -75.462767383952482, 5.771807202929823 ], [ -75.46377862523525, 5.778627245042638 ], [ -75.461968194528239, 5.783765048634817 ], [ -75.461425140922685, 5.790685914553378 ], [ -75.43952774894494, 5.806921918117549 ], [ -75.428987986916127, 5.818023824511797 ], [ -75.420503295187657, 5.825536599901023 ], [ -75.416930004972713, 5.8305738965702 ], [ -75.408333369640104, 5.838698886628836 ], [ -75.404968954240658, 5.842631563336147 ], [ -75.401155300345849, 5.847766084670396 ], [ -75.389420238844465, 5.86641677879338 ], [ -75.37286218744228, 5.905504962631036 ], [ -75.36065927118797, 5.954208493441308 ], [ -75.352379999693298, 5.969566929504629 ], [ -75.351860532023039, 5.982200788583186 ], [ -75.340854737491966, 6.014685859873009 ], [ -75.328607983000396, 6.034462168171626 ], [ -75.347450497489135, 6.026381976393487 ], [ -75.373655445326278, 6.004905969479679 ], [ -75.397262573072268, 5.992748481262786 ], [ -75.412697895966318, 5.983755397592244 ], [ -75.414869376931037, 5.98305177754674 ], [ -75.427583335678676, 5.981081055281942 ], [ -75.435515952043815, 5.982775678091608 ], [ -75.459822278652339, 5.964038797003631 ], [ -75.480365056365414, 5.936899942806821 ], [ -75.487189034593356, 5.926076533979848 ], [ -75.490120602050439, 5.92315713748797 ], [ -75.503832162485395, 5.902597862258574 ], [ -75.58847788402845, 5.820348598988367 ], [ -75.608721111297896, 5.729652848071226 ], [ -75.610034663429317, 5.730795708057337 ] ], [ [ -74.351917255412715, 6.489612715785076 ], [ -74.351780506847547, 6.489623528420773 ], [ -74.351926045359662, 6.489612212827477 ], [ -74.351917255412715, 6.489612715785076 ] ], [ [ -74.673821662976323, 5.679306649832837 ], [ -74.673887231284382, 5.679252808484664 ], [ -74.67381389956914, 5.679311408930335 ], [ -74.673821662976323, 5.679306649832837 ] ], [ [ -74.729268331514675, 6.213770153549559 ], [ -74.729094482716718, 6.213837052328339 ], [ -74.729089754231609, 6.213839432711999 ], [ -74.729268331514675, 6.213770153549559 ] ], [ [ -74.762053326675215, 6.197770322945424 ], [ -74.769348367860118, 6.196335369532306 ], [ -74.784647806924326, 6.195622685694997 ], [ -74.787773061500033, 6.19617692754459 ], [ -74.788220553845235, 6.193959598774611 ], [ -74.789460622115016, 6.19154783648677 ], [ -74.791013345159158, 6.189771091379656 ], [ -74.793222008636675, 6.188343594235993 ], [ -74.790776263316687, 6.183167810439348 ], [ -74.776070721146382, 6.165935877539863 ], [ -74.738528011545228, 6.093690785699439 ], [ -74.710181931945385, 6.052607741740534 ], [ -74.709324850400634, 6.049465592843529 ], [ -74.705723274654972, 6.006185959051925 ], [ -74.701163585063014, 6.011058108820089 ], [ -74.701336141399082, 6.025159821035499 ], [ -74.700510978582685, 6.028610673260788 ], [ -74.67870309662122, 6.068301697757755 ], [ -74.675284813603099, 6.072517727183871 ], [ -74.670607980700908, 6.105959374967355 ], [ -74.659913831559024, 6.129342639466428 ], [ -74.661534786181633, 6.155644600428631 ], [ -74.661318831007264, 6.158117376115952 ], [ -74.654826693103118, 6.183754923688994 ], [ -74.646101025470145, 6.203950348307889 ], [ -74.716358231740628, 6.19759731153402 ], [ -74.732644105364187, 6.197464735658937 ], [ -74.742519074623416, 6.199631052393723 ], [ -74.751840885209589, 6.200950849132298 ], [ -74.755091891146265, 6.200319826900549 ], [ -74.762053326675215, 6.197770322945424 ] ], [ [ -75.567277126564207, 5.852534006566698 ], [ -75.567270926724731, 5.852511029132207 ], [ -75.567286252977951, 5.855979441105054 ], [ -75.567277126564207, 5.852534006566698 ] ], [ [ -75.566412977498445, 5.854354648653207 ], [ -75.566705134851333, 5.855102259829562 ], [ -75.566234466126687, 5.853897847202648 ], [ -75.566412977498445, 5.854354648653207 ] ], [ [ -75.565482537171505, 5.851174086336056 ], [ -75.565549333575987, 5.851432277020438 ], [ -75.565450292382451, 5.851049449270363 ], [ -75.565482537171505, 5.851174086336056 ] ], [ [ -75.565220478881827, 5.850160087197222 ], [ -75.565450127878265, 5.851048813532963 ], [ -75.565450292382451, 5.851049449270363 ], [ -75.565220478881827, 5.850160087197222 ] ], [ [ -75.564187037943654, 5.845456369666004 ], [ -75.564360202748446, 5.846139246340718 ], [ -75.564046651285238, 5.844902753177725 ], [ -75.564187037943654, 5.845456369666004 ] ], [ [ -75.275309333576573, 6.098015491787144 ], [ -75.337856103689163, 6.057639710396725 ], [ -75.394047660459179, 6.014511926143915 ], [ -75.396527281442729, 6.013351696059871 ], [ -75.392001545121715, 6.015469273390245 ], [ -75.383668984828006, 6.020000390161212 ], [ -75.356211488738396, 6.042293258764579 ], [ -75.230431521810743, 6.09568917783217 ], [ -75.164311729048165, 6.135157505384161 ], [ -75.108486514245982, 6.161201661570487 ], [ -75.145363509523591, 6.17212820887504 ], [ -75.168419577313287, 6.169257284015836 ], [ -75.275309333576573, 6.098015491787144 ] ], [ [ -75.159655386838608, 6.109236341713832 ], [ -75.13165387609348, 6.130592798853828 ], [ -75.155621072372099, 6.11930322242166 ], [ -75.19429267373944, 6.09617928349504 ], [ -75.181831866718895, 6.098188242749633 ], [ -75.159655386838608, 6.109236341713832 ] ], [ [ -74.894084279689636, 6.252111313644745 ], [ -74.892124280518885, 6.250391887779831 ], [ -74.89211076997411, 6.249318206139102 ], [ -74.891273123565469, 6.248847062103408 ], [ -74.891305870162086, 6.247005887924636 ], [ -74.889691159997426, 6.247634509069224 ], [ -74.888986238916118, 6.249381783299587 ], [ -74.888396701637774, 6.249406420370747 ], [ -74.88736908155613, 6.248050604507935 ], [ -74.888004350112112, 6.247282210192579 ], [ -74.888050379030815, 6.246362143665831 ], [ -74.887295094571016, 6.246198286932347 ], [ -74.88697896018877, 6.247378720023927 ], [ -74.886542357598756, 6.247331920610017 ], [ -74.886975786421488, 6.245302511224134 ], [ -74.887693990927545, 6.244852715905126 ], [ -74.888213671730824, 6.245311918926475 ], [ -74.889310271952212, 6.245251466203038 ], [ -74.890392400383149, 6.243491183964863 ], [ -74.891407048747993, 6.244127066112386 ], [ -74.891541907927248, 6.243165687983628 ], [ -74.894903159589944, 6.245203932059828 ], [ -74.902128941266042, 6.247918366944814 ], [ -74.906537006346511, 6.245504966466872 ], [ -74.910638147952909, 6.245213871417696 ], [ -74.917785556463613, 6.24712943524714 ], [ -74.923531189507784, 6.250531311045842 ], [ -74.927036542743053, 6.251403280641442 ], [ -74.929316356094958, 6.252956803236246 ], [ -74.931147598361704, 6.255190195473834 ], [ -74.932190348198276, 6.257752700661535 ], [ -74.932479153995359, 6.26066629737003 ], [ -74.942958569315877, 6.268437708583775 ], [ -74.960011423162172, 6.28399259615569 ], [ -74.96269068686135, 6.284598702489892 ], [ -74.979521237088633, 6.284275227454898 ], [ -75.012967869677894, 6.290144886618865 ], [ -75.019694009318471, 6.292698685549466 ], [ -75.034864188041624, 6.2902867861012 ], [ -75.037439395429047, 6.289519925411052 ], [ -75.043850431643534, 6.285864635477011 ], [ -75.078314122916396, 6.264178163842772 ], [ -75.088794121973962, 6.262110465344702 ], [ -75.09310462417811, 6.262733203912382 ], [ -75.09881646270378, 6.264621155921835 ], [ -75.105737526288124, 6.250659794379155 ], [ -75.113653518227878, 6.239413356397733 ], [ -75.128593556070058, 6.223582236189293 ], [ -75.132491498062336, 6.216487500781517 ], [ -75.139920020683093, 6.208622275041216 ], [ -75.151290980952538, 6.191868161921871 ], [ -75.153552808058649, 6.189313595705589 ], [ -75.145511464577694, 6.190404238833324 ], [ -75.142917896780261, 6.190235446965477 ], [ -75.096108618920738, 6.176373190546279 ], [ -75.069582472665928, 6.175871902353022 ], [ -74.973203368906681, 6.228551407293312 ], [ -74.933498238957597, 6.244310427759087 ], [ -74.930083963012876, 6.244850225083301 ], [ -74.894659980968399, 6.243121260118164 ], [ -74.89491763529017, 6.241750456946614 ], [ -74.89639021063519, 6.24088582685373 ], [ -74.89834714900222, 6.240647710556337 ], [ -74.900480247473453, 6.239007392175288 ], [ -74.900083925697515, 6.238641141409792 ], [ -74.898333555165038, 6.239526556545966 ], [ -74.897554759980736, 6.23912653960673 ], [ -74.895763016213053, 6.23955427022347 ], [ -74.89628267743214, 6.240001032537976 ], [ -74.896047357462635, 6.240473826768901 ], [ -74.894418812898067, 6.239437673034706 ], [ -74.894160863662449, 6.240618019307717 ], [ -74.893100710140786, 6.241233364136917 ], [ -74.88998831855541, 6.241450631140024 ], [ -74.889494797772599, 6.242583867402369 ], [ -74.889070168176005, 6.242608253759479 ], [ -74.88869033396054, 6.240910118358356 ], [ -74.888009820746632, 6.243106044518221 ], [ -74.886807041874121, 6.243154225323364 ], [ -74.885252760531543, 6.244525294871273 ], [ -74.884780538006353, 6.244078449846699 ], [ -74.886335249169576, 6.242989932751022 ], [ -74.886381027760379, 6.241904852278523 ], [ -74.884942200365089, 6.241954521494296 ], [ -74.884893962576584, 6.241057201125106 ], [ -74.884186120198251, 6.240893266984462 ], [ -74.881406238062596, 6.242903638331642 ], [ -74.881597505626303, 6.244649539326192 ], [ -74.880653312098843, 6.243919718830286 ], [ -74.880107682374856, 6.24198447813379 ], [ -74.878927266618703, 6.241137469459077 ], [ -74.879822149704353, 6.240262455555726 ], [ -74.879653648593759, 6.237879074545932 ], [ -74.879185716441356, 6.240263422075043 ], [ -74.877723985509235, 6.240478111879549 ], [ -74.87741179062057, 6.236797450444469 ], [ -74.874391698573291, 6.236047016053805 ], [ -74.872713041543861, 6.233193463207976 ], [ -74.872147486887926, 6.233383057835278 ], [ -74.872503220743866, 6.234492403975779 ], [ -74.872173499061716, 6.234916732961461 ], [ -74.870116897319605, 6.231568697720521 ], [ -74.869453721048842, 6.229918432722488 ], [ -74.869664714619532, 6.22902071822096 ], [ -74.86900468124098, 6.229092908312254 ], [ -74.868228127341453, 6.230179082103263 ], [ -74.867661837034191, 6.229873637204935 ], [ -74.866760034915217, 6.226098895519248 ], [ -74.865605950039154, 6.226974276098558 ], [ -74.864281260290383, 6.224380113283899 ], [ -74.863622239499989, 6.225136081341669 ], [ -74.862582854760788, 6.22414641092581 ], [ -74.862557854134209, 6.222896419059867 ], [ -74.861213544129797, 6.223063416347312 ], [ -74.859795287176439, 6.220563188129808 ], [ -74.859817259502776, 6.219760690969934 ], [ -74.860547224275237, 6.218863347055651 ], [ -74.861434227408594, 6.218556817730058 ], [ -74.862626026884641, 6.219428956955329 ], [ -74.887537149308031, 6.224283092132397 ], [ -74.929014678302735, 6.226366305902235 ], [ -74.964928635946293, 6.212127867909479 ], [ -75.035784151298344, 6.173405325741388 ], [ -75.027305406542382, 6.17468579372619 ], [ -74.965650401640318, 6.195639507400866 ], [ -74.931510559006909, 6.202645536146049 ], [ -74.861941652613552, 6.194461043491572 ], [ -74.833416918724282, 6.184541830075548 ], [ -74.82364700949671, 6.184144621433815 ], [ -74.819396145422516, 6.194703714478043 ], [ -74.82155272805872, 6.198864934275046 ], [ -74.822218309022787, 6.202739228385854 ], [ -74.83940359575503, 6.208043976947589 ], [ -74.840985227741001, 6.210018364527004 ], [ -74.84101311461896, 6.213321994056332 ], [ -74.842218249734685, 6.214948926438163 ], [ -74.840803656636908, 6.214927222774736 ], [ -74.840215670911917, 6.21601422055387 ], [ -74.842766216270235, 6.218629302064428 ], [ -74.843331874600082, 6.218510942583617 ], [ -74.84380125674322, 6.21702401386067 ], [ -74.843732806827148, 6.218510365910499 ], [ -74.844228660677302, 6.218934619244868 ], [ -74.845051884750191, 6.217682263130532 ], [ -74.84490948005373, 6.216832535952658 ], [ -74.846206009094999, 6.216430559232824 ], [ -74.846086627060927, 6.215485858631147 ], [ -74.84740616647457, 6.214988908858055 ], [ -74.847805086720911, 6.213595883997363 ], [ -74.849550856080668, 6.213805837803412 ], [ -74.84995432415468, 6.215551457067475 ], [ -74.849365705159485, 6.21618976127184 ], [ -74.85177177146457, 6.216893786166771 ], [ -74.854700380537452, 6.220051890412097 ], [ -74.854560310043539, 6.220807088141002 ], [ -74.853570518162286, 6.221280972492638 ], [ -74.854633521307605, 6.222600653108437 ], [ -74.855553626081019, 6.222740585298282 ], [ -74.855150755616194, 6.221419939309516 ], [ -74.855456521646644, 6.220829511349006 ], [ -74.85701304215074, 6.220968508215505 ], [ -74.857840213203701, 6.222430940148999 ], [ -74.8586424699985, 6.222689710047559 ], [ -74.862728220460156, 6.226601048118244 ], [ -74.86258874357722, 6.228134972817863 ], [ -74.86166999652032, 6.228537562670568 ], [ -74.862708024050491, 6.228984726612903 ], [ -74.862709770945926, 6.230164677520678 ], [ -74.863180708460987, 6.22976275201813 ], [ -74.863249345784112, 6.228062787946997 ], [ -74.863838411329681, 6.227731888505349 ], [ -74.866154021349701, 6.230984630570819 ], [ -74.868608554713049, 6.232327070766555 ], [ -74.871136970455368, 6.235863152732093 ], [ -74.873804685781863, 6.237746623423989 ], [ -74.874065128330557, 6.238194927444879 ], [ -74.873502119978923, 6.240460743260885 ], [ -74.870390701482322, 6.241339076647765 ], [ -74.869539706726613, 6.239852973011486 ], [ -74.869351620322661, 6.240208148237032 ], [ -74.869566385682873, 6.241835345661579 ], [ -74.870133152100507, 6.242448210930793 ], [ -74.871381536734091, 6.241550074047487 ], [ -74.871948234212951, 6.242115464701759 ], [ -74.872479540809167, 6.250326864970525 ], [ -74.873043801287324, 6.249263607102494 ], [ -74.872615860981767, 6.246715599233759 ], [ -74.873177534173308, 6.2439310161447 ], [ -74.872656183274955, 6.242350614167337 ], [ -74.873161439319816, 6.241110001164162 ], [ -74.874870840846583, 6.24072993695706 ], [ -74.874867057776243, 6.239023254983172 ], [ -74.875871315306043, 6.239843463635365 ], [ -74.876228148147973, 6.24167275537475 ], [ -74.878198997676662, 6.242778526785897 ], [ -74.878873641334465, 6.244512392269868 ], [ -74.879770387129398, 6.244864794785239 ], [ -74.879289558926303, 6.246564244974084 ], [ -74.880149678484585, 6.246220485196101 ], [ -74.881425259957041, 6.247623410826638 ], [ -74.882156685264761, 6.247692369190767 ], [ -74.882471324872512, 6.245520740097942 ], [ -74.882954223721256, 6.245189979094351 ], [ -74.884431563825487, 6.247430084454502 ], [ -74.886238664309303, 6.249126736072152 ], [ -74.886818331136936, 6.250541318781086 ], [ -74.888706691802057, 6.251588396306019 ], [ -74.889248943373673, 6.251292576539345 ], [ -74.8900351338322, 6.249143955981326 ], [ -74.890554117789051, 6.249143157548052 ], [ -74.891370263506801, 6.250688039374701 ], [ -74.891419131489926, 6.251985450989438 ], [ -74.89278957516062, 6.253352033041571 ], [ -74.893227418431366, 6.254566339994611 ], [ -74.893473968757064, 6.253680999659433 ], [ -74.894507782762517, 6.252814786733405 ], [ -74.894734233980842, 6.251713603309886 ], [ -74.894084279689636, 6.252111313644745 ] ], [ [ -75.031966526326784, 6.310251128070191 ], [ -75.00002064715369, 6.324497958792102 ], [ -74.995571911820733, 6.326471090441212 ], [ -75.000893072414542, 6.332192180095413 ], [ -75.004051414892146, 6.33438120863029 ], [ -75.019187090450941, 6.325191352120094 ], [ -75.027210276216735, 6.323178321343514 ], [ -75.031741639005872, 6.31831315835979 ], [ -75.038521181199613, 6.31421632924509 ], [ -75.042520316539367, 6.31052486838582 ], [ -75.031966526326784, 6.310251128070191 ] ], [ [ -74.846315301591488, 6.355611014426896 ], [ -74.894144045419068, 6.345865927018973 ], [ -74.887917833267593, 6.334607930159868 ], [ -74.829873221657934, 6.25031694110309 ], [ -74.817152713859272, 6.240872194524226 ], [ -74.813685158440379, 6.277437373367353 ], [ -74.808172754511105, 6.305704348156772 ], [ -74.807504343359099, 6.325013827913825 ], [ -74.810405282675532, 6.347753012613963 ], [ -74.809354289981115, 6.377135807845953 ], [ -74.840858262746679, 6.357044672366895 ], [ -74.846315301591488, 6.355611014426896 ] ], [ [ -74.884681504779607, 5.561274385777435 ], [ -74.884360046760534, 5.561414074618076 ], [ -74.884704030363579, 5.561264597402333 ], [ -74.884681504779607, 5.561274385777435 ] ], [ [ -74.882846648624351, 5.561595199466068 ], [ -74.882822299281045, 5.561597863231469 ], [ -74.883975563782286, 5.56147170895369 ], [ -74.882846648624351, 5.561595199466068 ] ], [ [ -74.881048603094015, 5.554300713449159 ], [ -74.881040107606836, 5.554306829780561 ], [ -74.881029190115044, 5.554314690517088 ], [ -74.881048603094015, 5.554300713449159 ] ], [ [ -74.73183088357932, 5.790455823805387 ], [ -74.727305490468211, 5.751641809734192 ], [ -74.715631195050904, 5.725683625262711 ], [ -74.713998417765566, 5.720961836727463 ], [ -74.713328083382351, 5.707436690051958 ], [ -74.711012602300826, 5.688642604675096 ], [ -74.700573400430685, 5.576191186871499 ], [ -74.698152780726716, 5.584656580575058 ], [ -74.692301276112005, 5.619144054726178 ], [ -74.692201598719819, 5.634887232085321 ], [ -74.69042203226752, 5.670858660772977 ], [ -74.692516515342462, 5.68034462684796 ], [ -74.694079326298805, 5.692091910940007 ], [ -74.700221085090945, 5.709421506564199 ], [ -74.701464486739567, 5.720634522507397 ], [ -74.701527906391661, 5.726850429457386 ], [ -74.696153110970016, 5.748557048592366 ], [ -74.698691105325707, 5.77214537875935 ], [ -74.700474623770873, 5.778496601995009 ], [ -74.706904462677201, 5.810428166357249 ], [ -74.708779171754983, 5.816951314298533 ], [ -74.711785731062278, 5.830827562387964 ], [ -74.712450681966914, 5.845374244945304 ], [ -74.73183088357932, 5.790455823805387 ] ], [ [ -74.791088093257216, 6.406089214633888 ], [ -74.753091831943337, 6.415544587904511 ], [ -74.716146115411945, 6.429919473487796 ], [ -74.648720418682174, 6.453247759461769 ], [ -74.606908889938595, 6.482969361113331 ], [ -74.631516145373382, 6.485767600974309 ], [ -74.637246455962725, 6.488273240484462 ], [ -74.642418423799697, 6.488878355496736 ], [ -74.649117620882848, 6.488147675820961 ], [ -74.688695865401073, 6.493574007876171 ], [ -74.726533307240871, 6.488234653933577 ], [ -74.749614118919752, 6.485968395851984 ], [ -74.765655058116138, 6.487089520952785 ], [ -74.785569240217839, 6.486649716557793 ], [ -74.78700101270482, 6.472918601567685 ], [ -74.788182171498519, 6.466161484290144 ], [ -74.791445726099624, 6.42645985904466 ], [ -74.791783548633404, 6.41492834665087 ], [ -74.791088093257216, 6.406089214633888 ] ], [ [ -74.725638903734122, 5.666911804268291 ], [ -74.72559819386602, 5.666828146981085 ], [ -74.725659049251547, 5.666953202943998 ], [ -74.725638903734122, 5.666911804268291 ] ], [ [ -74.720764815192368, 5.66256739972309 ], [ -74.720683279870542, 5.662604732335659 ], [ -74.720826751909371, 5.662539041060809 ], [ -74.720764815192368, 5.66256739972309 ] ], [ [ -74.720898715600697, 5.662396231301065 ], [ -74.720876099232214, 5.662475113734496 ], [ -74.720918827582992, 5.662326085716089 ], [ -74.720898715600697, 5.662396231301065 ] ], [ [ -74.720053280579421, 5.660462819442469 ], [ -74.720034051304069, 5.660491932334101 ], [ -74.720103238935252, 5.660387184835023 ], [ -74.720053280579421, 5.660462819442469 ] ], [ [ -74.720322243365231, 5.654051757916084 ], [ -74.720374752495658, 5.653967918376094 ], [ -74.720309148432634, 5.654072665012 ], [ -74.720322243365231, 5.654051757916084 ] ], [ [ -74.720900299162281, 5.67605705937814 ], [ -74.720933798252261, 5.675990458768254 ], [ -74.72086731985317, 5.676122625385799 ], [ -74.720900299162281, 5.67605705937814 ] ], [ [ -74.721234216691741, 5.675784831376377 ], [ -74.721265470426445, 5.675742761196779 ], [ -74.721178210361927, 5.675860220260522 ], [ -74.721234216691741, 5.675784831376377 ] ], [ [ -74.72431176234322, 5.670191598001469 ], [ -74.724362538331732, 5.670147797935684 ], [ -74.724252824064081, 5.670242437560174 ], [ -74.72431176234322, 5.670191598001469 ] ], [ [ -74.722004790577401, 5.668543457228861 ], [ -74.721989735096216, 5.668508009071516 ], [ -74.722046927942969, 5.668642673400703 ], [ -74.722004790577401, 5.668543457228861 ] ], [ [ -74.721454639607956, 5.669418472878556 ], [ -74.72142645446192, 5.669480618715203 ], [ -74.72149171201184, 5.66933673407527 ], [ -74.721454639607956, 5.669418472878556 ] ], [ [ -74.719805126379029, 5.669710469311545 ], [ -74.719718961556353, 5.669582933055812 ], [ -74.719816581770417, 5.669727425514663 ], [ -74.719805126379029, 5.669710469311545 ] ], [ [ -74.712742516712865, 5.666232867148284 ], [ -74.712779446833366, 5.666289303931483 ], [ -74.712708882114498, 5.666181465601129 ], [ -74.712742516712865, 5.666232867148284 ] ], [ [ -74.651693318258069, 6.154665291272909 ], [ -74.651830599539139, 6.155103671008289 ], [ -74.651696986071968, 6.154677002884724 ], [ -74.651693318258069, 6.154665291272909 ] ], [ [ -74.573541996209755, 6.25771608545345 ], [ -74.584963524609961, 6.252135682176673 ], [ -74.587683413114334, 6.24725792403456 ], [ -74.590155579195127, 6.243963091817223 ], [ -74.582353255561245, 6.244054281795877 ], [ -74.560523839809761, 6.243116077594288 ], [ -74.557133778621548, 6.242118570955151 ], [ -74.554368522869709, 6.23996766490946 ], [ -74.507018285432935, 6.252663504860775 ], [ -74.514351792845233, 6.256420190208399 ], [ -74.520870428420821, 6.256922844421378 ], [ -74.523083286621386, 6.257500610198967 ], [ -74.53827380879234, 6.267435699952755 ], [ -74.552923277858298, 6.271783343505908 ], [ -74.561723633248988, 6.269481884887658 ], [ -74.565689670449757, 6.262971322754714 ], [ -74.573541996209755, 6.25771608545345 ] ], [ [ -74.679804969745916, 5.677735590143016 ], [ -74.679875716746793, 5.677692545301317 ], [ -74.67978488509543, 5.67774781023805 ], [ -74.679804969745916, 5.677735590143016 ] ], [ [ -74.042608321212356, 6.63826252603083 ], [ -74.075493640105478, 6.624553059127495 ], [ -74.086061764184876, 6.616232745094003 ], [ -74.096105707261188, 6.609901092662217 ], [ -74.100085110948442, 6.598666277406386 ], [ -74.102448946233707, 6.595464530642786 ], [ -74.112296298245141, 6.589783955866228 ], [ -74.131002813227312, 6.580314165613373 ], [ -74.145417169645896, 6.567447731480318 ], [ -74.185271093629552, 6.550775196991017 ], [ -74.218180360843377, 6.548520813691886 ], [ -74.284215539329168, 6.510102945362081 ], [ -74.261185358906843, 6.506827259238381 ], [ -74.24058413833643, 6.513683942446154 ], [ -74.237831981029871, 6.514074623292608 ], [ -74.186422682214996, 6.506220823701543 ], [ -74.176336205171268, 6.507452904537431 ], [ -74.166587387274632, 6.511161493142124 ], [ -74.104776375446022, 6.539305394780113 ], [ -74.074805188286732, 6.554949309672938 ], [ -74.062249249123795, 6.565238709082452 ], [ -74.046315281985343, 6.580537254388917 ], [ -74.028315182999364, 6.598203050788356 ], [ -73.985220782919299, 6.641965715190702 ], [ -73.936636831132745, 6.687970259560288 ], [ -73.927578646109566, 6.696986842143594 ], [ -73.89828191613897, 6.728156141669967 ], [ -73.891157161805197, 6.734777338685024 ], [ -73.924708996497984, 6.716316354744211 ], [ -73.978276135282769, 6.683725482656478 ], [ -74.042608321212356, 6.63826252603083 ] ], [ [ -74.392768799211098, 6.515745997001892 ], [ -74.408950758332892, 6.510825536485241 ], [ -74.411922883953423, 6.506666989528822 ], [ -74.421464872522492, 6.496711945824821 ], [ -74.41896571823888, 6.496912364677685 ], [ -74.414779436366317, 6.496332460908046 ], [ -74.406736376610979, 6.491557164875725 ], [ -74.403144547771774, 6.492059084754775 ], [ -74.400804472903559, 6.4917524713466 ], [ -74.394985171608823, 6.488477232623636 ], [ -74.370709814291146, 6.499318883456072 ], [ -74.391225142595161, 6.515112473635194 ], [ -74.392768799211098, 6.515745997001892 ] ], [ [ -74.256131876629226, 6.489449328604132 ], [ -74.249619189119016, 6.486820853032689 ], [ -74.224172020305417, 6.487051075896644 ], [ -74.210531581079934, 6.491648530251626 ], [ -74.237170364150984, 6.495764656051222 ], [ -74.256131876629226, 6.489449328604132 ] ], [ [ -74.249242636526219, 6.467954188383648 ], [ -74.248769073325107, 6.468749283268481 ], [ -74.249764243150693, 6.468729298786263 ], [ -74.249477535691881, 6.46830325025641 ], [ -74.249242636526219, 6.467954188383648 ] ], [ [ -74.321824188794125, 6.481645871159457 ], [ -74.307420174171725, 6.453880087596962 ], [ -74.306815310621161, 6.451292298235891 ], [ -74.307164168597254, 6.411605545479122 ], [ -74.303851662109096, 6.380194583213255 ], [ -74.299359310198739, 6.384590669391823 ], [ -74.28822842551277, 6.403657951372775 ], [ -74.277073666894992, 6.426370174758413 ], [ -74.275983707046166, 6.43075369644513 ], [ -74.27617851556866, 6.440524333068187 ], [ -74.275573792478355, 6.453104974104325 ], [ -74.284363705914103, 6.473594343503752 ], [ -74.321824188794125, 6.481645871159457 ] ], [ [ -73.748688361006103, 6.9499743781815 ], [ -73.749004426555885, 6.94946761546806 ], [ -73.749001406367469, 6.949472117519899 ], [ -73.748688361006103, 6.9499743781815 ] ], [ [ -73.755215775399819, 6.941287176401048 ], [ -73.757439745070869, 6.939049804557912 ], [ -73.757426770347635, 6.939062804011846 ], [ -73.755215775399819, 6.941287176401048 ] ], [ [ -73.775733627009089, 7.041830487526267 ], [ -73.775734072192705, 7.041141685235848 ], [ -73.775733610820438, 7.041855087511227 ], [ -73.775733627009089, 7.041830487526267 ] ], [ [ -73.76177578400133, 6.966087929731154 ], [ -73.761775765662733, 6.966088911557365 ], [ -73.761775765668801, 6.966088912215528 ], [ -73.76177578400133, 6.966087929731154 ] ], [ [ -73.762112866072258, 6.996184532020222 ], [ -73.762118126506508, 6.99663265652554 ], [ -73.762260181142295, 6.998027081644921 ], [ -73.762118127412165, 6.996632656524072 ], [ -73.762112866072258, 6.996184532020222 ] ], [ [ -73.820237191445599, 7.075102155982256 ], [ -73.819357606547598, 7.07508842325885 ], [ -73.820511099940518, 7.075106431166208 ], [ -73.820237191445599, 7.075102155982256 ] ], [ [ -73.80618994437539, 7.066776878233699 ], [ -73.806189944373827, 7.066776877328835 ], [ -73.806186387634114, 7.067017990225947 ], [ -73.80618994437539, 7.066776878233699 ] ], [ [ -73.806861547642328, 7.063612705142308 ], [ -73.806861547639201, 7.063612703332578 ], [ -73.806793847688269, 7.063780728764654 ], [ -73.806861547642328, 7.063612705142308 ] ], [ [ -73.792271886081608, 7.03889522561296 ], [ -73.792271885174344, 7.038895224709626 ], [ -73.792617158222612, 7.039377162395857 ], [ -73.792271886081608, 7.03889522561296 ] ], [ [ -73.698556317209153, 7.09201789404275 ], [ -73.698428408102131, 7.091796167673093 ], [ -73.698635405326911, 7.092164427809791 ], [ -73.698556317209153, 7.09201789404275 ] ], [ [ -73.698154008305579, 7.091364002249954 ], [ -73.69800773736354, 7.09115391033212 ], [ -73.698294269716456, 7.091578145281139 ], [ -73.698154008305579, 7.091364002249954 ] ], [ [ -73.697534057455726, 7.090549605312985 ], [ -73.697443921477259, 7.090447131564996 ], [ -73.697697638042172, 7.090746548723119 ], [ -73.697534057455726, 7.090549605312985 ] ], [ [ -73.696825978446753, 7.089810380171916 ], [ -73.696735584714034, 7.089728477500761 ], [ -73.697010782788311, 7.089987603465383 ], [ -73.696825978446753, 7.089810380171916 ] ], [ [ -73.694959163733614, 7.088469233885872 ], [ -73.694881014850509, 7.088428396307872 ], [ -73.695182707762115, 7.088594222332084 ], [ -73.694959163733614, 7.088469233885872 ] ], [ [ -73.693551878392341, 7.087856200549215 ], [ -73.693492167897318, 7.087836952130997 ], [ -73.69379335187115, 7.087941652747742 ], [ -73.693551878392341, 7.087856200549215 ] ], [ [ -73.692269691117986, 7.087525463271729 ], [ -73.692564706088433, 7.087583596482484 ], [ -73.692622813533632, 7.087597019014868 ], [ -73.692564706994276, 7.087583596481134 ], [ -73.692269691117986, 7.087525463271729 ] ], [ [ -73.691716463163047, 7.087441998994735 ], [ -73.691455429141669, 7.087411071803539 ], [ -73.691807539249368, 7.087453257841983 ], [ -73.691716463163047, 7.087441998994735 ] ], [ [ -73.230320023399855, 6.452703877567352 ], [ -73.236976727665933, 6.408272323821172 ], [ -73.237047148548356, 6.401625095587505 ], [ -73.241661769162121, 6.367637641023723 ], [ -73.246764040300121, 6.357143617168627 ], [ -73.256321026169488, 6.339692949073816 ], [ -73.267703977790106, 6.315109450246318 ], [ -73.278122316720186, 6.302271616933918 ], [ -73.280162843380879, 6.300385383879823 ], [ -73.281251732297534, 6.297420234521119 ], [ -73.287834541975002, 6.231302768530742 ], [ -73.293302317591198, 6.206464497401313 ], [ -73.30505733205554, 6.147085107882146 ], [ -73.318504463572111, 6.092780109888665 ], [ -73.330834632168475, 6.059334591946673 ], [ -73.337464709047566, 6.035454513555455 ], [ -73.332689169523675, 6.015903671359299 ], [ -73.291322853224315, 5.970607266236341 ], [ -73.236629254609582, 5.928763606697061 ], [ -73.234001256786954, 5.92629856047866 ], [ -73.208235271550691, 5.884995236170836 ], [ -73.193636898185375, 5.850350712530862 ], [ -73.189761054899492, 5.843809279214678 ], [ -73.188998209574493, 5.838537952013972 ], [ -73.174091338920945, 5.82619093973118 ], [ -73.173336584832938, 5.823776190922688 ], [ -73.175630220216192, 5.831644437396254 ], [ -73.176338017731268, 5.84760223895223 ], [ -73.185500063407275, 5.874629362382995 ], [ -73.194596930335209, 5.917014071908828 ], [ -73.219356045905968, 5.967901037791469 ], [ -73.224755297534614, 5.980054545828517 ], [ -73.231822646096958, 5.999499149346608 ], [ -73.232186862395736, 6.002099797978134 ], [ -73.231804268016091, 6.026078908500588 ], [ -73.200066937181361, 6.137020654972648 ], [ -73.175166880120557, 6.218076727297657 ], [ -73.173360376343282, 6.225762448835396 ], [ -73.145051705950266, 6.309813426050483 ], [ -73.144142024541452, 6.328231014636773 ], [ -73.143740641023683, 6.383879380458508 ], [ -73.15095935429531, 6.426359152780869 ], [ -73.151486697455994, 6.432163460954607 ], [ -73.144090169993177, 6.459975127305789 ], [ -73.133666707831765, 6.481469797158554 ], [ -73.132601535141774, 6.484660026797676 ], [ -73.132247592292572, 6.488685508600888 ], [ -73.130235975299954, 6.493133975781206 ], [ -73.12172512233056, 6.539751217255962 ], [ -73.097258221168644, 6.650037364839887 ], [ -73.097186998550413, 6.658297844949773 ], [ -73.107790998386008, 6.642476448445946 ], [ -73.135911792341446, 6.616436393640471 ], [ -73.146592596086705, 6.590437679685187 ], [ -73.157376836111865, 6.576792403335246 ], [ -73.165352217309575, 6.556551185921538 ], [ -73.164793440559137, 6.546250395076917 ], [ -73.16523190623225, 6.543484997583474 ], [ -73.168390297593618, 6.535763824027328 ], [ -73.172087412424659, 6.528758006655292 ], [ -73.173559165127116, 6.523028223097739 ], [ -73.179335120700671, 6.510220890627683 ], [ -73.193805919300289, 6.49724247853191 ], [ -73.198472849203625, 6.49245842761115 ], [ -73.219528089370058, 6.475740460278559 ], [ -73.231170780560447, 6.46393715322613 ], [ -73.230320023399855, 6.452703877567352 ] ], [ [ -73.125061381642652, 5.737907322322196 ], [ -73.125079864735326, 5.738013263079546 ], [ -73.12509834873876, 5.73811920383558 ], [ -73.125061381642652, 5.737907322322196 ] ], [ [ -73.150278273879337, 5.744075469974098 ], [ -73.15029197396791, 5.744096617285483 ], [ -73.150380992245672, 5.744234018034592 ], [ -73.150278273879337, 5.744075469974098 ] ], [ [ -73.14954754686228, 5.743115279976148 ], [ -73.149609054887961, 5.74319059784984 ], [ -73.149921548230111, 5.743573252022107 ], [ -73.14954754686228, 5.743115279976148 ] ], [ [ -73.14825794506686, 5.741901540869209 ], [ -73.148349255887453, 5.741976848445511 ], [ -73.148472687882801, 5.742078646512187 ], [ -73.14825794506686, 5.741901540869209 ] ], [ [ -73.148193829486061, 5.741853200981727 ], [ -73.148213266508407, 5.741867855697784 ], [ -73.14825794506686, 5.741901540869209 ], [ -73.148193829486061, 5.741853200981727 ] ], [ [ -73.226298444558751, 6.018375510024677 ], [ -73.22596596050802, 6.018816574481287 ], [ -73.225965811232498, 6.018912575531965 ], [ -73.226298444558751, 6.018375510024677 ] ], [ [ -73.0997049781664, 6.828350351393363 ], [ -73.093375190040788, 6.850570667849976 ], [ -73.092903976176473, 6.852569699457787 ], [ -73.097144796404876, 6.845563358217153 ], [ -73.0997049781664, 6.828350351393363 ] ], [ [ -73.103380892492666, 6.851964938378101 ], [ -73.103580946996942, 6.852007157055292 ], [ -73.10338089572484, 6.851964937441659 ], [ -73.103380892492666, 6.851964938378101 ] ], [ [ -73.093488365462548, 6.85164877990812 ], [ -73.093536498679342, 6.851639644894157 ], [ -73.093960390700772, 6.851559195145336 ], [ -73.093488365462548, 6.85164877990812 ] ], [ [ -73.537688322126485, 8.016225852751647 ], [ -73.537321463363909, 8.016211453149216 ], [ -73.536542556093323, 8.016328876797274 ], [ -73.537688322126485, 8.016225852751647 ] ], [ [ -73.543048254446546, 8.016162641083424 ], [ -73.542938816617649, 8.016424325615422 ], [ -73.54303793516118, 8.016362363853942 ], [ -73.543048254446546, 8.016162641083424 ] ], [ [ -72.732772826701407, 7.86046028096158 ], [ -72.732837676282401, 7.860410690383511 ], [ -72.732818599566656, 7.86042527813556 ], [ -72.732772826701407, 7.86046028096158 ] ], [ [ -72.988155652422165, 7.918972311412953 ], [ -72.989077358519708, 7.915813521252878 ], [ -72.98830378717345, 7.918006053567246 ], [ -72.988155652422165, 7.918972311412953 ] ], [ [ -72.656052282744682, 7.481076577554684 ], [ -72.656134856573502, 7.481035835334237 ], [ -72.656333145603298, 7.479880939914904 ], [ -72.656052282744682, 7.481076577554684 ] ], [ [ -72.648445543018113, 7.491522477013401 ], [ -72.648471448574881, 7.4922904963574 ], [ -72.648484133205173, 7.491718367437722 ], [ -72.648445543018113, 7.491522477013401 ] ], [ [ -72.649159906337957, 7.489346845471778 ], [ -72.648814612763715, 7.489920731916896 ], [ -72.649140578650375, 7.48944261432794 ], [ -72.649159906337957, 7.489346845471778 ] ], [ [ -72.603476348459452, 7.845552764747767 ], [ -72.603351107332116, 7.845461895813941 ], [ -72.602873735291496, 7.845395860126553 ], [ -72.603476348459452, 7.845552764747767 ] ], [ [ -72.597816122099957, 7.846204717510029 ], [ -72.597489657556793, 7.846275854715685 ], [ -72.597677872015296, 7.846276150502256 ], [ -72.597816122099957, 7.846204717510029 ] ], [ [ -72.589959318404752, 7.846756248010447 ], [ -72.589835094077898, 7.846645541638418 ], [ -72.589800418558369, 7.846708437420201 ], [ -72.589959318404752, 7.846756248010447 ] ], [ [ -72.590227298957231, 7.846160576027552 ], [ -72.589977116593317, 7.846283554652001 ], [ -72.589835094077898, 7.846645541638418 ], [ -72.590227298957231, 7.846160576027552 ] ], [ [ -72.59093084549464, 7.845888307635443 ], [ -72.591076506492783, 7.845787397882575 ], [ -72.590227298957231, 7.846160576027552 ], [ -72.59093084549464, 7.845888307635443 ] ], [ [ -72.615605397124014, 7.849097761964847 ], [ -72.615640360607017, 7.849181792555816 ], [ -72.615624233434232, 7.84914303253411 ], [ -72.615605397124014, 7.849097761964847 ] ], [ [ -72.623609638580106, 7.852177999400397 ], [ -72.62379614199331, 7.852005880498865 ], [ -72.623503354271875, 7.852233247351554 ], [ -72.623609638580106, 7.852177999400397 ] ], [ [ -72.63487387, 7.845591195494655 ], [ -72.634869324681006, 7.845535922583629 ], [ -72.634504056209551, 7.846296302420067 ], [ -72.63487387, 7.845591195494655 ] ], [ [ -72.640987019122988, 7.842425465138058 ], [ -72.640995548403311, 7.84265811136201 ], [ -72.641029479852094, 7.842392303915046 ], [ -72.640987019122988, 7.842425465138058 ] ], [ [ -72.639801470778878, 7.845788092205358 ], [ -72.639804102140914, 7.845845334341017 ], [ -72.639978772032151, 7.845452833824318 ], [ -72.639801470778878, 7.845788092205358 ] ], [ [ -72.598600486383759, 7.869265225712114 ], [ -72.598582578315728, 7.869248576490948 ], [ -72.59865270367294, 7.869313773857202 ], [ -72.598600486383759, 7.869265225712114 ] ], [ [ -72.544113215627121, 7.867953687373001 ], [ -72.533792969209316, 7.869785783047829 ], [ -72.532160084776294, 7.87008553077658 ], [ -72.535433216259108, 7.870355435929136 ], [ -72.544113215627121, 7.867953687373001 ] ] ], [ [ [ -75.772010335633425, 6.250688292225681 ], [ -75.775479631520867, 6.250908588960828 ], [ -75.776036212387822, 6.250564538055781 ], [ -75.778003325856872, 6.246496945942698 ], [ -75.781487458458827, 6.242895257414331 ], [ -75.782664301368271, 6.242506799806507 ], [ -75.781707872230541, 6.240872694234588 ], [ -75.779151793628131, 6.239857509623092 ], [ -75.778289710657518, 6.238351738659176 ], [ -75.778879685298364, 6.236491322542052 ], [ -75.772711851645255, 6.232919358015372 ], [ -75.776095758527845, 6.232499154802481 ], [ -75.779957837247409, 6.233450144035089 ], [ -75.782458426754715, 6.235162231468101 ], [ -75.784307660127027, 6.237716591378163 ], [ -75.787994279033015, 6.249021927273457 ], [ -75.790186931742227, 6.252588043011184 ], [ -75.791748348991803, 6.259610858136109 ], [ -75.795284484512138, 6.267589841328118 ], [ -75.799590790454317, 6.274656898012035 ], [ -75.803911110783801, 6.283263394309308 ], [ -75.80657088266733, 6.295240870881865 ], [ -75.809011791148677, 6.324199905201882 ], [ -75.808437388454337, 6.327156029940408 ], [ -75.803751898557735, 6.33801459269982 ], [ -75.802075112438786, 6.348118809306982 ], [ -75.809097860161486, 6.360083933499548 ], [ -75.812305066724917, 6.367642376908826 ], [ -75.828437181256206, 6.395049956775961 ], [ -75.835839670768607, 6.406164573779505 ], [ -75.845498254440997, 6.43324005119038 ], [ -75.84886677827113, 6.46508344873638 ], [ -75.849217448890371, 6.476517875242122 ], [ -75.851641187410621, 6.492902186511094 ], [ -75.856772680331716, 6.509177739618679 ], [ -75.857378521606719, 6.523090741012751 ], [ -75.865279586936637, 6.546332393308353 ], [ -75.865531349929384, 6.548770772383213 ], [ -75.86486491479225, 6.558385928176195 ], [ -75.871822545120466, 6.576468016798646 ], [ -75.872261940058792, 6.587481353287417 ], [ -75.87428986146007, 6.595989333103 ], [ -75.878153087946728, 6.605854422510208 ], [ -75.879309571967269, 6.609983098294741 ], [ -75.881109992888355, 6.619899527203383 ], [ -75.880162643956396, 6.632650861673412 ], [ -75.879211458912877, 6.635811516673585 ], [ -75.872628201069418, 6.644301348587764 ], [ -75.863785372504637, 6.652353265893584 ], [ -75.859223138228103, 6.666252658776441 ], [ -75.853421558927494, 6.678541931719216 ], [ -75.840338621512018, 6.699718932937434 ], [ -75.834387271794242, 6.705229431503399 ], [ -75.827019901266667, 6.725629564529102 ], [ -75.828090428191985, 6.735127959202278 ], [ -75.82773064678193, 6.757382070605296 ], [ -75.828337225652277, 6.777459223507762 ], [ -75.829334255473327, 6.784686865934107 ], [ -75.83317652609469, 6.790590751284208 ], [ -75.836832526608106, 6.803089235241387 ], [ -75.836414288000555, 6.835170334720533 ], [ -75.833539347648781, 6.857677926718029 ], [ -75.832335223801309, 6.859865267837386 ], [ -75.813081422383789, 6.885590327022412 ], [ -75.788705235169132, 6.909000074056953 ], [ -75.780759710839689, 6.922291034224955 ], [ -75.772561535117177, 6.942722950599119 ], [ -75.761092237837644, 6.973925661849077 ], [ -75.752385028734636, 6.986850659145023 ], [ -75.746604766609167, 6.997522760903393 ], [ -75.741906138715962, 6.999250565885551 ], [ -75.741279790939217, 6.998734662380617 ], [ -75.737566223626445, 6.998355009950836 ], [ -75.736591080099586, 6.997552988290889 ], [ -75.734271364490709, 6.997449723046922 ], [ -75.731155865023354, 6.996317102435047 ], [ -75.729964755447924, 6.996493309833271 ], [ -75.729397851832204, 6.995815747078487 ], [ -75.72733283653541, 6.996072081505592 ], [ -75.731664015104101, 6.986761783537954 ], [ -75.736735231039887, 6.97777808016218 ], [ -75.745003337262631, 6.965476094726825 ], [ -75.755661520628507, 6.936271136511062 ], [ -75.764565449816061, 6.914175649863878 ], [ -75.774590184216649, 6.897550385101924 ], [ -75.799377772228596, 6.87375448687701 ], [ -75.816387454061825, 6.850997649198635 ], [ -75.818351426688494, 6.834062947921191 ], [ -75.818742193222633, 6.804876789051867 ], [ -75.816607920643321, 6.798068126408632 ], [ -75.81209595386305, 6.790921098293491 ], [ -75.810331013493041, 6.779240155448887 ], [ -75.809645570670469, 6.757475254734059 ], [ -75.810005095999031, 6.735880792844299 ], [ -75.808846184095685, 6.725849821234438 ], [ -75.808974893176327, 6.723343075864739 ], [ -75.810385271555035, 6.717723711364944 ], [ -75.818685836693305, 6.69578160967093 ], [ -75.820399518309117, 6.693453223221248 ], [ -75.825982806672229, 6.688589684910048 ], [ -75.837539651021643, 6.669876022681017 ], [ -75.842366022569124, 6.659672343452764 ], [ -75.848148612612619, 6.642899095779344 ], [ -75.852395431253896, 6.638010287257941 ], [ -75.85951377456351, 6.631807020712256 ], [ -75.862385933226463, 6.628204243812196 ], [ -75.862976634833814, 6.62008415919356 ], [ -75.861055558844456, 6.611758366093351 ], [ -75.856979058497942, 6.601268437102772 ], [ -75.854447868735207, 6.590705563614603 ], [ -75.854076024190178, 6.580548313515943 ], [ -75.846887515113721, 6.561735873346167 ], [ -75.847356273070318, 6.549667179841559 ], [ -75.839540792679159, 6.52648539799264 ], [ -75.838887888018803, 6.512318189832287 ], [ -75.834010394752823, 6.497011899515731 ], [ -75.831229372880458, 6.47839286861019 ], [ -75.830840134020633, 6.466425172178265 ], [ -75.827950727134862, 6.437784792242993 ], [ -75.819698667216016, 6.414448792351366 ], [ -75.813062066911982, 6.404552705073393 ], [ -75.796425490218709, 6.376289162927938 ], [ -75.79299574762004, 6.368328233547746 ], [ -75.785030693809702, 6.354737260553825 ], [ -75.784136134477507, 6.352408760544455 ], [ -75.784143502693283, 6.344963163227368 ], [ -75.786248776849959, 6.333339799232379 ], [ -75.790784867289901, 6.322481125124204 ], [ -75.788649677228818, 6.29765993876316 ], [ -75.786707820958284, 6.289005478914945 ], [ -75.779009940783169, 6.275460050811381 ], [ -75.774687798496188, 6.265679786835086 ], [ -75.773314549607221, 6.259816197606922 ], [ -75.771682562203125, 6.257234494883476 ], [ -75.769744895588502, 6.251242805318722 ], [ -75.758625065573383, 6.251458307873922 ], [ -75.755867623829189, 6.250429827270542 ], [ -75.752865173655863, 6.248268529556796 ], [ -75.755616382413677, 6.249758629510824 ], [ -75.75784274480111, 6.249340050877245 ], [ -75.759071799315052, 6.248383532055111 ], [ -75.762239771991318, 6.248337030517654 ], [ -75.763468816794798, 6.249833308632204 ], [ -75.765599803604928, 6.250474981932922 ], [ -75.76784878997853, 6.24951968098887 ], [ -75.77118377899717, 6.25007866769104 ], [ -75.772010335633425, 6.250688292225681 ] ], [ [ -75.872889324369723, 6.615122183269619 ], [ -75.871289722790493, 6.616654843272545 ], [ -75.871709757633553, 6.617002776840745 ], [ -75.873964162075794, 6.618174852584261 ], [ -75.874746903484024, 6.61798838232914 ], [ -75.874333788970432, 6.617611927514617 ], [ -75.874565304483099, 6.616521001032658 ], [ -75.872889324369723, 6.615122183269619 ] ], [ [ -75.873913923334158, 6.620692845225391 ], [ -75.872624342602464, 6.622419649221967 ], [ -75.8741301024167, 6.623595242296373 ], [ -75.874808696494625, 6.623250711138358 ], [ -75.87460690778228, 6.622565931165579 ], [ -75.875653012915606, 6.620599833529716 ], [ -75.873913923334158, 6.620692845225391 ] ] ], [ [ [ -75.558024558752663, 6.178934276904152 ], [ -75.562321194160717, 6.180886422950446 ], [ -75.565728371051463, 6.185053440255277 ], [ -75.566930133636703, 6.188978669975495 ], [ -75.566479919128483, 6.192476850027848 ], [ -75.564726325013751, 6.195536318887529 ], [ -75.561936299411059, 6.197691296493987 ], [ -75.558534601821506, 6.198613690893383 ], [ -75.554485066180206, 6.198031957021644 ], [ -75.545903577758665, 6.216677903316196 ], [ -75.548290728136635, 6.22893292642015 ], [ -75.548143055109534, 6.231288119672517 ], [ -75.547391276881655, 6.233524815127734 ], [ -75.545253421973058, 6.236329022484452 ], [ -75.542758568484516, 6.237891156168566 ], [ -75.539423993034134, 6.238584583317549 ], [ -75.536398564415848, 6.238117177971345 ], [ -75.532908712862124, 6.235958886569683 ], [ -75.530732710919423, 6.23247855025185 ], [ -75.529526250012964, 6.228270007854915 ], [ -75.527430519705774, 6.216969557329698 ], [ -75.527821432384712, 6.212882813922183 ], [ -75.538200499667269, 6.190198254236416 ], [ -75.538335725210089, 6.186167855627987 ], [ -75.540259495807945, 6.182541901993394 ], [ -75.54279526196494, 6.180481464978574 ], [ -75.545546450298019, 6.179436477640069 ], [ -75.548972025587574, 6.17941022325898 ], [ -75.55317937870295, 6.178038342193969 ], [ -75.558024558752663, 6.178934276904152 ] ], [ [ -75.555287396131462, 6.179803551685652 ], [ -75.555216208863513, 6.179708533653853 ], [ -75.555286807884485, 6.179802767040022 ], [ -75.555287396131462, 6.179803551685652 ] ], [ [ -75.5552804585963, 6.179860833767961 ], [ -75.555280454342224, 6.179860871359015 ], [ -75.555287396131462, 6.179803551685652 ], [ -75.5552804585963, 6.179860833767961 ] ], [ [ -75.55347602659333, 6.180383343615799 ], [ -75.553420231011359, 6.180416362002181 ], [ -75.553453627829199, 6.180396598732773 ], [ -75.55347602659333, 6.180383343615799 ] ], [ [ -75.553562087320699, 6.180290147257017 ], [ -75.553518532384444, 6.180341229603433 ], [ -75.553530953428506, 6.180326662657023 ], [ -75.553562087320699, 6.180290147257017 ] ], [ [ -75.553654972137792, 6.180142165540014 ], [ -75.553608415736733, 6.180215743770019 ], [ -75.553640770407071, 6.180164610368005 ], [ -75.553654972137792, 6.180142165540014 ] ], [ [ -75.553944209297995, 6.179602748588374 ], [ -75.553902621868858, 6.1796528658366 ], [ -75.553913601196413, 6.179639634852961 ], [ -75.553944209297995, 6.179602748588374 ] ], [ [ -75.554127986593613, 6.179439902410917 ], [ -75.554087995859092, 6.179473535594477 ], [ -75.554110094369761, 6.179454950413399 ], [ -75.554127986593613, 6.179439902410917 ] ], [ [ -75.552699525893502, 6.18092006135374 ], [ -75.552600277596028, 6.180917228211517 ], [ -75.552652271168213, 6.180918712511542 ], [ -75.552699525893502, 6.18092006135374 ] ] ], [ [ [ -74.911547436650821, 5.418069077845109 ], [ -74.913702453183717, 5.424054438146719 ], [ -74.911628741944952, 5.42126669393854 ], [ -74.911547436650821, 5.418069077845109 ] ] ], [ [ [ -74.915196653832169, 5.444549740642291 ], [ -74.915548585198309, 5.447317794124202 ], [ -74.915361994775822, 5.44915847041328 ], [ -74.915196653832169, 5.444549740642291 ] ] ], [ [ [ -74.958067548933485, 6.302092327361078 ], [ -74.957100478112807, 6.301873560655119 ], [ -74.956995316148635, 6.301849771724609 ], [ -74.95767858756318, 6.301878007731083 ], [ -74.958067548933485, 6.302092327361078 ] ] ], [ [ [ -74.96206483306635, 6.302708530302452 ], [ -74.960628597046579, 6.302633128200744 ], [ -74.960185774473615, 6.302562863853126 ], [ -74.96206483306635, 6.302708530302452 ] ] ], [ [ [ -74.996707551133426, 6.306169383296379 ], [ -74.997783189150866, 6.307821682920275 ], [ -74.996893313057356, 6.309871138365831 ], [ -74.99381165376883, 6.311348046251171 ], [ -74.993262610609591, 6.310656205975282 ], [ -74.993474835229406, 6.307616838546477 ], [ -74.996707551133426, 6.306169383296379 ] ] ], [ [ [ -74.99233364485022, 6.308127499329354 ], [ -74.992109447668767, 6.310398277630899 ], [ -74.992687084178939, 6.311291244098087 ], [ -74.989660406957043, 6.310950693263357 ], [ -74.988545524579678, 6.309807554327225 ], [ -74.99233364485022, 6.308127499329354 ] ] ], [ [ [ -74.988440503532914, 6.311125735711619 ], [ -74.98715283369657, 6.31130089850534 ], [ -74.986229090424402, 6.310839895885773 ], [ -74.987977049168904, 6.310059673433036 ], [ -74.988737012304441, 6.310635851285704 ], [ -74.988440503532914, 6.311125735711619 ] ] ], [ [ [ -74.987414488029685, 6.312368468280212 ], [ -74.986090914322304, 6.313826451526221 ], [ -74.984620688652285, 6.313771362762221 ], [ -74.983354905191774, 6.315014504913314 ], [ -74.981652652801714, 6.314036446860818 ], [ -74.981740060244761, 6.31461269399524 ], [ -74.983932830734119, 6.316080400337712 ], [ -74.984222783156824, 6.316858598154464 ], [ -74.983561423414784, 6.317839615645614 ], [ -74.983069245347963, 6.316715931813761 ], [ -74.981772600600422, 6.31677581715269 ], [ -74.982668209436795, 6.318000523932299 ], [ -74.982756367139515, 6.319009626896977 ], [ -74.982238976763114, 6.319962140565155 ], [ -74.979876933957669, 6.320889591176105 ], [ -74.978724097573703, 6.320832809943336 ], [ -74.977049841792876, 6.319394704194618 ], [ -74.97632902419177, 6.319308920530139 ], [ -74.974630528810863, 6.320523405784974 ], [ -74.971833910020678, 6.32032589260588 ], [ -74.970221757384735, 6.321510833382648 ], [ -74.967685036088582, 6.321371628401048 ], [ -74.966027165224958, 6.320438340170712 ], [ -74.976658315787105, 6.316600728078322 ], [ -74.986229090424402, 6.310839895885773 ], [ -74.986404441784615, 6.311591524572003 ], [ -74.98732727415964, 6.311906376360213 ], [ -74.987414488029685, 6.312368468280212 ] ] ], [ [ [ -74.901841208257039, 5.111158617813414 ], [ -74.903496025691197, 5.11302254690178 ], [ -74.901084128802509, 5.11404859169617 ], [ -74.901841208257039, 5.111158617813414 ] ] ], [ [ [ -74.899704375883616, 5.503815565543933 ], [ -74.899300428407571, 5.5082386146439 ], [ -74.898558207737864, 5.506410542838521 ], [ -74.898867715121781, 5.504842121991447 ], [ -74.899704375883616, 5.503815565543933 ] ] ], [ [ [ -74.848195824572855, 6.210342499484432 ], [ -74.849522899716717, 6.210879712191251 ], [ -74.849287779879134, 6.211516371853236 ], [ -74.848485337405066, 6.211116305235469 ], [ -74.848195824572855, 6.210342499484432 ] ] ], [ [ [ -74.851040291942482, 6.211142969502205 ], [ -74.860675560977896, 6.218001634951398 ], [ -74.858919872226949, 6.218936944940666 ], [ -74.85889852066471, 6.220163274218045 ], [ -74.852759254922987, 6.214839849298519 ], [ -74.851040291942482, 6.211142969502205 ] ] ], [ [ [ -74.891841034868506, 6.242474020731402 ], [ -74.89284324472392, 6.242366235471982 ], [ -74.893904930291569, 6.24307469688804 ], [ -74.891611229941731, 6.242933237968279 ], [ -74.891841034868506, 6.242474020731402 ] ] ], [ [ [ -74.476001783434427, 4.631102705058772 ], [ -74.476147255312711, 4.630690652451706 ], [ -74.476148473765619, 4.630692105628187 ], [ -74.476001783434427, 4.631102705058772 ] ] ], [ [ [ -74.103212989587007, 4.757271967022595 ], [ -74.139129831003459, 4.753452552797895 ], [ -74.164287688205647, 4.759008091542537 ], [ -74.164149740369581, 4.760247249293237 ], [ -74.163244247329246, 4.759240590581282 ], [ -74.162129419945686, 4.760262448130912 ], [ -74.162313988583094, 4.761109798897047 ], [ -74.161602721457925, 4.762631730035845 ], [ -74.160578250553954, 4.762976713087228 ], [ -74.160584984333511, 4.763877530746294 ], [ -74.161604417551587, 4.765108548214401 ], [ -74.160835576837329, 4.767366501307801 ], [ -74.161365569278388, 4.769397596107102 ], [ -74.1607110230769, 4.770595581772598 ], [ -74.162517341221587, 4.77319042573783 ], [ -74.161889895928823, 4.774983031556667 ], [ -74.162230051998876, 4.775583974163435 ], [ -74.162763897147769, 4.7753593553921 ], [ -74.163810582588241, 4.775852511677589 ], [ -74.164480725139853, 4.776962847811672 ], [ -74.163474159303263, 4.778012919174051 ], [ -74.159650947225572, 4.776496948240709 ], [ -74.142283694420371, 4.77248460135378 ], [ -74.138551817473299, 4.771640305070381 ], [ -74.136490772459879, 4.771844900953337 ], [ -74.107170908529724, 4.775016864542189 ], [ -74.086409378593814, 4.785784918840199 ], [ -74.065753377565798, 4.789964585529686 ], [ -74.043154160855622, 4.78862653662235 ], [ -74.034348263383237, 4.787367972405318 ], [ -74.02502169146409, 4.790723289307203 ], [ -74.017619647600128, 4.79135437189997 ], [ -74.01548334550057, 4.791943091037302 ], [ -74.015843151698988, 4.789392946773827 ], [ -74.0178054523507, 4.787754850881151 ], [ -74.020798951161382, 4.787648527249043 ], [ -74.022135936610781, 4.786964436315175 ], [ -74.023905400690325, 4.787595035396818 ], [ -74.026881622491956, 4.787350387758092 ], [ -74.029837725368765, 4.788779889457782 ], [ -74.030654691001018, 4.787392598939173 ], [ -74.032052091277819, 4.786073131075605 ], [ -74.034097630088525, 4.783063832620762 ], [ -74.03499246215776, 4.78260671811482 ], [ -74.034375775280466, 4.782146992263013 ], [ -74.035480300105974, 4.779562109502573 ], [ -74.034360210758294, 4.779444309999247 ], [ -74.034777238802661, 4.778278750114854 ], [ -74.033686407075606, 4.776603784502718 ], [ -74.034321089895727, 4.775892117081787 ], [ -74.032401167882327, 4.774350922471634 ], [ -74.033194744654168, 4.772836019885363 ], [ -74.03435417518385, 4.772346401567441 ], [ -74.03428273104592, 4.771931434291134 ], [ -74.032917520992228, 4.771424629802215 ], [ -74.034303170498532, 4.769067105375145 ], [ -74.044589691828634, 4.770592500115932 ], [ -74.064059365920727, 4.771876418752565 ], [ -74.080576661672779, 4.768583784498215 ], [ -74.100402790389012, 4.758127288828358 ], [ -74.103212989587007, 4.757271967022595 ] ] ], [ [ [ -73.711960352447221, 4.172237325606197 ], [ -73.714662678285279, 4.17520436058847 ], [ -73.715848228675569, 4.179134612107613 ], [ -73.715305823898632, 4.184438193264954 ], [ -73.714264916406876, 4.186554961040843 ], [ -73.712713802819692, 4.188329110496509 ], [ -73.709105407348375, 4.190263402582088 ], [ -73.70559851343512, 4.19049250998174 ], [ -73.699483936289283, 4.188826029862521 ], [ -73.696160156648062, 4.186432232776504 ], [ -73.694233682643755, 4.182809323382291 ], [ -73.694101841578188, 4.178704551997002 ], [ -73.695448264567105, 4.175445385345214 ], [ -73.698659741141313, 4.17217841221349 ], [ -73.701223981501514, 4.17056010653304 ], [ -73.704671001896671, 4.169873393049643 ], [ -73.709373183747587, 4.170847316650506 ], [ -73.711960352447221, 4.172237325606197 ] ] ], [ [ [ -74.032355704385083, 4.785396429524114 ], [ -74.032363455639555, 4.785389377833409 ], [ -74.032284533320166, 4.785555057230629 ], [ -74.032355704385083, 4.785396429524114 ] ] ], [ [ [ -73.803391819577968, 5.031000793219538 ], [ -73.806687425860204, 5.029139660739455 ], [ -73.810335027504735, 5.028783973239396 ], [ -73.813790300137811, 5.029894935908565 ], [ -73.816600116614325, 5.032375998113336 ], [ -73.818456479375655, 5.035892722463369 ], [ -73.818981648543456, 5.038957488584372 ], [ -73.818370947420902, 5.045382715887401 ], [ -73.816547014875255, 5.0490998016594 ], [ -73.814581631753683, 5.050881777999555 ], [ -73.753601464097812, 5.09144105776961 ], [ -73.746454402508448, 5.094122598191718 ], [ -73.72619108448751, 5.098932278476781 ], [ -73.704389845940511, 5.105436090491779 ], [ -73.663867439917013, 5.110218511226695 ], [ -73.644680898019843, 5.106380119190683 ], [ -73.631798468402749, 5.1006500188118 ], [ -73.583077044388347, 5.086780119416706 ], [ -73.568900731048771, 5.082977564157179 ], [ -73.514037520149586, 5.070368768049595 ], [ -73.511033678690453, 5.068104879392192 ], [ -73.497879273742626, 5.051884161562156 ], [ -73.47453891055514, 5.032602420615041 ], [ -73.461513970751241, 5.022922982776652 ], [ -73.458156744681006, 5.022828747541694 ], [ -73.44918917336723, 5.020153490469977 ], [ -73.423169443222463, 5.015310483522601 ], [ -73.388030045870664, 5.014575353472225 ], [ -73.384281912619457, 5.013642050773643 ], [ -73.342739297696454, 4.977876144408132 ], [ -73.318575803581751, 4.929401638464101 ], [ -73.300188166597309, 4.91189880928133 ], [ -73.240579298913076, 4.896424663728337 ], [ -73.234425883292317, 4.89399232866735 ], [ -73.233360536453446, 4.891727721768451 ], [ -73.234408734071465, 4.890209769437358 ], [ -73.234128480119153, 4.889183188266573 ], [ -73.236249404659802, 4.886801874150477 ], [ -73.237587974019746, 4.883854496165141 ], [ -73.237189534544626, 4.883201263383945 ], [ -73.237567842637901, 4.881945007058508 ], [ -73.244864304850609, 4.88354152992309 ], [ -73.243846811896233, 4.881270813548947 ], [ -73.242730357298043, 4.880491414278485 ], [ -73.2429550757697, 4.877947831161907 ], [ -73.245759568376272, 4.879089752056506 ], [ -73.27154750679928, 4.885833927968883 ], [ -73.274245291735639, 4.888662622961118 ], [ -73.276104999298653, 4.88863716339053 ], [ -73.278672618267677, 4.889832675280589 ], [ -73.280744094466314, 4.890019036002739 ], [ -73.283278574647483, 4.891550480912299 ], [ -73.284172437854437, 4.892686490714046 ], [ -73.285471173221794, 4.892064338817122 ], [ -73.286406768759491, 4.893151220490155 ], [ -73.288690193066898, 4.894221898460893 ], [ -73.28966695649089, 4.893663605765336 ], [ -73.290421723950601, 4.893931136386028 ], [ -73.292401180265628, 4.896041801381794 ], [ -73.296324843415732, 4.8974215481138 ], [ -73.299306956879477, 4.901631987763331 ], [ -73.300906464797933, 4.902550546675984 ], [ -73.301391345097784, 4.902226036994072 ], [ -73.301597894141253, 4.900885379858431 ], [ -73.303112959262549, 4.899590791655978 ], [ -73.302358778954314, 4.901002783158071 ], [ -73.303016953758203, 4.902046117317998 ], [ -73.301271424344591, 4.905164680218755 ], [ -73.302323023149057, 4.904810786092602 ], [ -73.302491686892537, 4.905226953112361 ], [ -73.303299784673953, 4.905282877717949 ], [ -73.30250658115105, 4.906976488847695 ], [ -73.301603243858636, 4.907652441056814 ], [ -73.301828078166068, 4.907879097201009 ], [ -73.303328922817713, 4.907603399463293 ], [ -73.305093649685944, 4.90850228285543 ], [ -73.306278351531319, 4.908484536988753 ], [ -73.308402685609153, 4.907670369550252 ], [ -73.308533722495454, 4.906706089871052 ], [ -73.309544234562026, 4.905798130372211 ], [ -73.311978758384612, 4.904965743501555 ], [ -73.312820921912632, 4.905724283345415 ], [ -73.313150425766224, 4.907968522076716 ], [ -73.313688608158444, 4.908745502332547 ], [ -73.317977468030222, 4.909019061537029 ], [ -73.320572965225097, 4.912567017375565 ], [ -73.3229101331425, 4.911879628054478 ], [ -73.3238028272457, 4.909294094713222 ], [ -73.333856694371278, 4.919602400828552 ], [ -73.354024917316167, 4.960425366261982 ], [ -73.355866962496989, 4.963066779023031 ], [ -73.357182008219795, 4.966561373881047 ], [ -73.391713621612467, 4.996584083510582 ], [ -73.42522346868158, 4.997315850783881 ], [ -73.45290617521097, 5.002451727880896 ], [ -73.461276234958476, 5.004818326574766 ], [ -73.464947302982921, 5.004689227622654 ], [ -73.467428370215202, 5.005214291374212 ], [ -73.469561291559074, 5.006336179065248 ], [ -73.485674130156298, 5.018373152916456 ], [ -73.510182980594536, 5.038636129728104 ], [ -73.515403766491005, 5.044395024508008 ], [ -73.522784287859125, 5.05388186863439 ], [ -73.559828244525193, 5.062234445975856 ], [ -73.587755435772223, 5.069312590940172 ], [ -73.637566423483293, 5.083491709301604 ], [ -73.64965515715086, 5.088954365560332 ], [ -73.664164275593691, 5.092035293973164 ], [ -73.701419889130619, 5.087580822168048 ], [ -73.721408482928538, 5.081485012838971 ], [ -73.741379831521343, 5.076750301902328 ], [ -73.745562636817809, 5.07517911462346 ], [ -73.800379610353019, 5.038520413531947 ], [ -73.801002270625588, 5.034396108775733 ], [ -73.803391819577968, 5.031000793219538 ] ] ], [ [ [ -71.322957482691422, 6.724059217144624 ], [ -71.323064610962632, 6.724565943608276 ], [ -71.320412850431325, 6.726049189024996 ], [ -71.317867446611487, 6.731556105854435 ], [ -71.317786137512272, 6.733363974712533 ], [ -71.321896588458685, 6.734430198232324 ], [ -71.325840947252274, 6.732127339357283 ], [ -71.328060465136858, 6.732454901749207 ], [ -71.328636104704927, 6.732947650533281 ], [ -71.329789045843697, 6.737137927033023 ], [ -71.331433664980082, 6.738369684150745 ], [ -71.333159802579843, 6.738286609802659 ], [ -71.336225709870433, 6.735470749776859 ], [ -71.340011231339915, 6.739364956872339 ], [ -71.341551565116063, 6.741872507268715 ], [ -71.345151875964618, 6.753158508577523 ], [ -71.346611169724, 6.756245093814922 ], [ -71.346722407709208, 6.760345601374891 ], [ -71.344414263012567, 6.766555852546606 ], [ -71.341871940509321, 6.770745278297627 ], [ -71.339847560151014, 6.772881609299608 ], [ -71.33080545906023, 6.777008645885149 ], [ -71.328522915254851, 6.778596571727665 ], [ -71.322066965868842, 6.780730005380032 ], [ -71.314804506415257, 6.784080388525865 ], [ -71.307670305632954, 6.78978358322291 ], [ -71.305485939905878, 6.790673397038511 ], [ -71.302958965123878, 6.791020746759082 ], [ -71.300524940299539, 6.795020926017976 ], [ -71.297151550403456, 6.804945684958063 ], [ -71.294690755944501, 6.809339654891243 ], [ -71.294801638610565, 6.812419828049177 ], [ -71.293598172816417, 6.816097601311747 ], [ -71.293545850754271, 6.826826281725771 ], [ -71.294954003338788, 6.829595286637627 ], [ -71.295416764979194, 6.832501196264634 ], [ -71.294159608464568, 6.839291264019962 ], [ -71.29159607632279, 6.844972135909084 ], [ -71.283953737743801, 6.85284252454706 ], [ -71.282809654477731, 6.85502761977694 ], [ -71.284345311279182, 6.856254535690795 ], [ -71.288531864588791, 6.857224990988906 ], [ -71.291120231017885, 6.858627127296035 ], [ -71.292778643990275, 6.860303984172392 ], [ -71.295083327510611, 6.864127815957065 ], [ -71.292063962629911, 6.864521186543623 ], [ -71.286671889808915, 6.867169636243623 ], [ -71.284906610312675, 6.866680390002659 ], [ -71.27843273219284, 6.861979021237425 ], [ -71.276079008543789, 6.86119597953503 ], [ -71.26931291890817, 6.861002726361468 ], [ -71.266272808664596, 6.860219910260261 ], [ -71.265174326050811, 6.859471997508274 ], [ -71.264446396847646, 6.853908654679373 ], [ -71.265942313938282, 6.855041507007603 ], [ -71.264446396854197, 6.853908652870283 ], [ -71.264752670072326, 6.85100213848356 ], [ -71.269104822130259, 6.842367736891412 ], [ -71.27679702995016, 6.834115441969065 ], [ -71.275765134951527, 6.830291378209072 ], [ -71.275440959161514, 6.826865957325951 ], [ -71.275563521821127, 6.813628255639205 ], [ -71.276771741837834, 6.80515806310907 ], [ -71.277542883273725, 6.802929870421885 ], [ -71.280552630049428, 6.797694329834959 ], [ -71.284262143604735, 6.787046098165106 ], [ -71.29013917126936, 6.777348885746209 ], [ -71.291704522121947, 6.775585172172608 ], [ -71.294213126676865, 6.77404570139527 ], [ -71.299703175206801, 6.77310831982036 ], [ -71.300408335935359, 6.773690345368212 ], [ -71.300595991374763, 6.776361385195879 ], [ -71.301901055990271, 6.776485022745313 ], [ -71.302769764410669, 6.773689256698955 ], [ -71.302004530173804, 6.771215962404566 ], [ -71.305482004707144, 6.768521175335379 ], [ -71.30686887261092, 6.768779923823394 ], [ -71.309603873135231, 6.770331606697478 ], [ -71.313208069392687, 6.770205634582425 ], [ -71.319545505449881, 6.768028350618858 ], [ -71.321638057879369, 6.766403733575368 ], [ -71.322558690740536, 6.76475147888036 ], [ -71.325106584910401, 6.763928451591338 ], [ -71.32642116717129, 6.762612998325262 ], [ -71.326425892560835, 6.7592065874337 ], [ -71.327900446110476, 6.758557603624464 ], [ -71.326398022427455, 6.753978095143459 ], [ -71.328306294935459, 6.751847252995106 ], [ -71.328634042551343, 6.749792737297171 ], [ -71.328140244412168, 6.748642557393169 ], [ -71.325836903700491, 6.745274605436592 ], [ -71.323614924355638, 6.740180945257115 ], [ -71.321230113237363, 6.73812779215085 ], [ -71.318681533939639, 6.737307317327222 ], [ -71.316215483148042, 6.737144179839306 ], [ -71.313535203339711, 6.737930602050397 ], [ -71.312501426360058, 6.735806361576383 ], [ -71.312054410260501, 6.7334912745547 ], [ -71.312745694482345, 6.729448007122587 ], [ -71.315154467837274, 6.726127348249715 ], [ -71.318783913246577, 6.72421417478496 ], [ -71.322957482691422, 6.724059217144624 ] ] ], [ [ [ -71.165581791762762, 6.930217354189317 ], [ -71.168334066100527, 6.930648219718751 ], [ -71.160629735417785, 6.93324036867215 ], [ -71.163224080913025, 6.93136687502296 ], [ -71.165581791762762, 6.930217354189317 ] ] ], [ [ [ -71.216847544337497, 6.950950728098468 ], [ -71.196597701111997, 6.934289702232923 ], [ -71.186385304811395, 6.931658515308931 ], [ -71.182296810316657, 6.928260045275533 ], [ -71.179885706859793, 6.928260570777352 ], [ -71.178249157445379, 6.929560928663581 ], [ -71.174563735443826, 6.928597166928046 ], [ -71.17240322528356, 6.929320390460159 ], [ -71.176208981749866, 6.92046732314794 ], [ -71.178071473377244, 6.917619468138864 ], [ -71.180565471100849, 6.916410180541885 ], [ -71.187776300678905, 6.915240374827754 ], [ -71.19157325214907, 6.915531528113201 ], [ -71.194788208164411, 6.916504238355926 ], [ -71.197711299342586, 6.918937240035007 ], [ -71.203362142434301, 6.921564207861997 ], [ -71.204921125539997, 6.922731982489231 ], [ -71.205408603534124, 6.924192089171993 ], [ -71.205507123120725, 6.92828072759114 ], [ -71.206189526201925, 6.930032826564598 ], [ -71.210257514234883, 6.932757483603181 ], [ -71.213766594965662, 6.939692612367391 ], [ -71.223558707888941, 6.944070404652707 ], [ -71.228529827374288, 6.945018000823573 ], [ -71.235831549034501, 6.94450471013501 ], [ -71.240145094314471, 6.945233194244635 ], [ -71.244175065831797, 6.947138031399845 ], [ -71.247352270390579, 6.950028527919619 ], [ -71.251955572142066, 6.950485084383568 ], [ -71.253245693621921, 6.950278331883351 ], [ -71.256119553708984, 6.948420777771226 ], [ -71.253951453788304, 6.946874522805329 ], [ -71.252918729488457, 6.945327839442578 ], [ -71.253330937524552, 6.943574344723769 ], [ -71.255963175723366, 6.944295326023445 ], [ -71.257562648115126, 6.943366481416728 ], [ -71.259265663223644, 6.943314262689557 ], [ -71.261795135042192, 6.945169767011102 ], [ -71.262672460437415, 6.945169424655175 ], [ -71.26298111408201, 6.942642429580496 ], [ -71.263703410755099, 6.942126457400698 ], [ -71.264684147310234, 6.942641760236874 ], [ -71.26504592775396, 6.943982408363564 ], [ -71.26881360652564, 6.944857572993961 ], [ -71.271343756634565, 6.948260090144166 ], [ -71.272943998187557, 6.949239240696934 ], [ -71.274957884245893, 6.95207469075347 ], [ -71.276403343176725, 6.953105461824395 ], [ -71.280635033277136, 6.952691116030285 ], [ -71.284763138804919, 6.95145167691518 ], [ -71.284403034103136, 6.954081842388936 ], [ -71.288325650554597, 6.954956781544571 ], [ -71.289720255280386, 6.95758616518463 ], [ -71.293740564530069, 6.957584346218878 ], [ -71.296592919012369, 6.955647957172975 ], [ -71.302972047163166, 6.96306009971832 ], [ -71.328081812485692, 6.983088281988233 ], [ -71.360702501159878, 6.996723841923118 ], [ -71.3840941468615, 6.999773620535218 ], [ -71.385122994348876, 7.001421247614441 ], [ -71.385519991357484, 7.007183167370876 ], [ -71.387750238222097, 7.010193747242808 ], [ -71.38971727345681, 7.011567510568935 ], [ -71.390833825227347, 7.01169772498266 ], [ -71.392926373149862, 7.011696325149633 ], [ -71.397187653626347, 7.01025290092999 ], [ -71.402697223491018, 7.006582285830388 ], [ -71.403876019053101, 7.005337363230556 ], [ -71.404268281796291, 7.003962027469206 ], [ -71.40800251530932, 7.002060522863169 ], [ -71.409896007224262, 6.997545208444137 ], [ -71.409564326423094, 6.996297255124392 ], [ -71.408515485801303, 6.995905118614578 ], [ -71.408449121210523, 6.994726540095389 ], [ -71.407801652907878, 6.994388430088204 ], [ -71.426110239522401, 6.991708040878911 ], [ -71.46390047015808, 6.982005238508929 ], [ -71.567285335651462, 6.981159937460053 ], [ -71.670486568323739, 6.943182264828974 ], [ -71.758123735434779, 6.932962185238806 ], [ -71.798476672812512, 6.929275987626756 ], [ -71.801659156591157, 6.925907557904791 ], [ -71.805960247646127, 6.924464868033471 ], [ -71.811694567759432, 6.924723387153874 ], [ -71.815192463171059, 6.926177638963224 ], [ -71.81834601314732, 6.928762733638012 ], [ -71.819927795723629, 6.930903969341454 ], [ -71.822847878720125, 6.932448053778714 ], [ -71.860930147127704, 6.962309883009819 ], [ -71.868685002659902, 6.963652813963389 ], [ -71.911217478726897, 6.95709673426979 ], [ -71.924396244912217, 6.957519007460973 ], [ -71.933944803061493, 6.959301248455168 ], [ -71.937922240993117, 6.961642918316612 ], [ -71.939095082247803, 6.963429113067252 ], [ -71.938636079585592, 6.967175165288986 ], [ -71.938956329158913, 6.968992798830828 ], [ -71.935959693200061, 6.972581619840085 ], [ -71.924847686166757, 6.973272422109939 ], [ -71.86951221023196, 6.981797916157399 ], [ -71.858746386497273, 6.980284526222385 ], [ -71.85445991210409, 6.979431361673706 ], [ -71.851904204573458, 6.978184867753577 ], [ -71.812768186107817, 6.947503747495679 ], [ -71.808283236947872, 6.945426781394194 ], [ -71.804517938001567, 6.946788075323193 ], [ -71.760053715359405, 6.950929028776121 ], [ -71.674682568078339, 6.960828310269553 ], [ -71.570497525266106, 6.999080837580894 ], [ -71.466918055173949, 6.999875890214316 ], [ -71.429799573672014, 7.009403271804464 ], [ -71.409156163234357, 7.012435294788346 ], [ -71.399959277488904, 7.018390075788386 ], [ -71.39551109730337, 7.019345264613975 ], [ -71.377650749056016, 7.017158932549024 ], [ -71.372520815686912, 7.015471235380483 ], [ -71.369831646399348, 7.015351985091242 ], [ -71.367566679475104, 7.015822255148362 ], [ -71.356156657192997, 7.014275872099732 ], [ -71.319883663016157, 6.999240114728313 ], [ -71.317813478601963, 6.998024227584092 ], [ -71.290663861031334, 6.976344256428771 ], [ -71.279127973009878, 6.963093047799235 ], [ -71.262453076808768, 6.953513870885735 ], [ -71.247771135032693, 6.952911677136321 ], [ -71.226525506888336, 6.953014239790835 ], [ -71.219968821894327, 6.952540745997008 ], [ -71.216847544337497, 6.950950728098468 ] ] ], [ [ [ -71.120044085546155, 6.942434019428495 ], [ -71.120265526674018, 6.941503097886983 ], [ -71.123168550248081, 6.941721458438333 ], [ -71.127224084020725, 6.94111937802312 ], [ -71.132316782891138, 6.941885170987732 ], [ -71.138785003150602, 6.93848932313459 ], [ -71.141800625106256, 6.937996420895973 ], [ -71.145674479909687, 6.938269019197838 ], [ -71.143919801004785, 6.938870173931261 ], [ -71.142292566945002, 6.940793638768052 ], [ -71.14048410139209, 6.940953255173449 ], [ -71.133251009807793, 6.944513492426423 ], [ -71.131388573281214, 6.945005840600761 ], [ -71.130017800560481, 6.944294825452993 ], [ -71.12716583748616, 6.943802301791952 ], [ -71.122622140353215, 6.944021792390707 ], [ -71.120701748511237, 6.943200586910966 ], [ -71.120044085546155, 6.942434019428495 ] ] ], [ [ [ -71.12511645340885, 6.962322025977205 ], [ -71.125514505937559, 6.962222547543981 ], [ -71.124839830129574, 6.962978678002399 ], [ -71.12511645340885, 6.962322025977205 ] ] ], [ [ [ -71.118688057096776, 6.969978068776685 ], [ -71.117246858556143, 6.967860712909388 ], [ -71.117468492368104, 6.967140759562631 ], [ -71.121373891668782, 6.966896142085716 ], [ -71.118688057096776, 6.969978068776685 ] ] ], [ [ [ -71.117012935833714, 6.971718500159274 ], [ -71.11477958040129, 6.973074514088929 ], [ -71.108736024798887, 6.97522569815171 ], [ -71.108878223725853, 6.972845505472125 ], [ -71.109487788209151, 6.971350216260565 ], [ -71.110208273565874, 6.970962508841028 ], [ -71.111815557443705, 6.970796256816664 ], [ -71.114309709145644, 6.971737521881488 ], [ -71.117012935833714, 6.971718500159274 ] ] ] ] } }
]
}
